Gain(%),Length_name_ref(L),rrs
10.9090909090909,1,A
10.7142857142857,1,A
10.5263157894737,1,A
15.7142857142857,1,A
25.6198347107438,1,A
10.3448275862069,1,A
23.134328358209,1,A
29.2929292929293,1,A
10.3448275862069,1,A
18.3908045977011,1,A
12.962962962963,1,A
18.0555555555556,1,A
15.9420289855072,1,A
10.5263157894737,1,A
11.3207547169811,1,A
11.3207547169811,1,A
21.3114754098361,1,A
12.7272727272727,1,A
2.08333333333333,4,A
24.2718446601942,1,A
12.7272727272727,1,A
21.5909090909091,1,A
12.280701754386,1,A
13.4615384615385,1,A
15.4929577464789,1,A
20.5882352941176,1,A
15.7142857142857,1,A
10.3448275862069,1,A
16.1764705882353,1,A
12.5,1,A
24.2718446601942,1,A
25.2525252525252,1,A
24.5098039215686,1,A
28.2442748091603,1,A
24.5098039215686,1,A
12.962962962963,1,A
18.5714285714286,1,A
35.5,1,A
22.7272727272727,1,A
29.1666666666667,1,A
10.1694915254237,1,A
17.5824175824176,1,A
10.7142857142857,1,A
11.5384615384615,1,A
21.4285714285714,1,A
18.3098591549296,1,A
22.093023255814,1,A
14.4736842105263,1,A
21.3483146067416,1,A
29,1,A
17.7777777777778,1,A
15.2777777777778,1,A
24.2718446601942,1,A
22.3529411764706,1,A
15.7142857142857,1,A
11.3207547169811,1,A
19.811320754717,1,A
11.3207547169811,1,A
10.5263157894737,1,A
18.3908045977011,1,A
18.3098591549296,1,A
10.7142857142857,1,A
15.0684931506849,1,A
10.3448275862069,1,A
29.5180722891566,1,A
11.1111111111111,1,A
11.5384615384615,1,A
29.5180722891566,1,A
18.3098591549296,1,A
10.5263157894737,1,A
18.8235294117647,1,A
25.1366120218579,1,A
12.5,1,A
22.093023255814,1,A
12.7272727272727,1,A
10.5263157894737,3,A
14.2857142857143,1,A
21.6666666666667,1,A
15.0684931506849,1,A
15.4929577464789,1,A
10.5263157894737,1,A
21.3483146067416,1,A
20.7920792079208,1,A
15.4929577464789,1,A
12.280701754386,1,A
10.7142857142857,1,A
20.8791208791209,1,A
29.6969696969697,1,A
23.1481481481481,1,A
12.5,1,A
11.864406779661,1,A
24.5098039215686,1,A
10.3448275862069,1,A
10.7142857142857,1,A
18.0555555555556,1,A
15.4929577464789,1,A
16.4179104477612,1,A
19.5121951219512,1,A
13.4615384615385,1,A
20.8791208791209,1,A
17.5675675675676,1,A
11.1111111111111,1,A
10.7142857142857,1,A
23.3644859813084,1,A
33.3333333333333,1,A
15.7142857142857,1,A
20.2702702702703,1,A
12.6984126984127,1,A
15.4929577464789,1,A
26.027397260274,4,A
15.2777777777778,1,A
21.1111111111111,1,A
11.3207547169811,1,A
11.3207547169811,1,A
17.5675675675676,1,A
10.3448275862069,1,A
15.7142857142857,1,A
14.2857142857143,1,A
11.1111111111111,1,A
29,1,A
22.3529411764706,1,A
19.4805194805195,1,A
15.4929577464789,1,A
21.8390804597701,1,A
10.9090909090909,1,A
21.1111111111111,1,A
14.8648648648649,1,A
10.2564102564103,4,A
14.1025641025641,1,A
11.1111111111111,1,A
9,3,A
14.8148148148148,1,A
28.4313725490196,1,A
24.0384615384615,1,A
10.5263157894737,1,A
10.5263157894737,1,A
15.2777777777778,1,A
22.093023255814,1,A
10.3448275862069,1,A
14.5454545454545,1,A
11.1111111111111,1,A
17.5824175824176,1,A
18.0555555555556,1,A
14.8648648648649,1,A
21.5909090909091,1,A
24.5098039215686,1,A
24.7524752475248,1,A
19.811320754717,1,A
25,1,A
11.1111111111111,1,A
21.6666666666667,1,A
24,1,A
27.4074074074074,1,A
15.7142857142857,1,A
13.2075471698113,1,A
14.2857142857143,1,A
15.7142857142857,1,A
8.64197530864197,3,A
15.9420289855072,1,A
22.093023255814,1,A
18.5714285714286,1,A
24.0384615384615,1,A
11.2903225806452,1,A
22.093023255814,1,A
11.3207547169811,1,A
14.6666666666667,1,A
19.0909090909091,1,A
26.6009852216749,2,A
3.84615384615385,4,A
22.3214285714286,1,A
19.1176470588235,1,A
10.5263157894737,1,A
21.8390804597701,1,A
2.80373831775701,4,A
12.5,1,A
15.0684931506849,1,A
28.4313725490196,1,A
13.1147540983607,1,A
10.3448275862069,1,A
10.9090909090909,1,A
26.3636363636364,1,A
10.5263157894737,1,A
12.962962962963,1,A
10.5263157894737,1,A
15.4929577464789,1,A
15.7142857142857,1,A
11.1111111111111,1,A
15.0684931506849,1,A
19.4444444444444,1,A
16.1764705882353,1,A
7.27272727272727,3,A
11.1111111111111,1,A
28.4313725490196,1,A
10.9090909090909,1,A
15.2777777777778,1,A
14.8148148148148,1,A
11.1111111111111,1,A
12.7272727272727,1,A
12.7272727272727,1,A
11.3207547169811,1,A
10.3448275862069,1,A
15.4929577464789,1,A
14.5454545454545,1,A
12.7272727272727,1,A
15.0684931506849,1,A
18.1818181818182,1,A
10.9090909090909,1,A
24.0384615384615,1,A
15.0684931506849,1,A
10,1,A
14.6666666666667,1,A
21.7391304347826,1,A
15.2777777777778,1,A
20.3883495145631,1,A
21.8390804597701,1,A
22.093023255814,1,A
10,1,A
18.6046511627907,1,A
10.3448275862069,1,A
10,1,A
12.5,1,A
11.1111111111111,1,A
20.5882352941176,1,A
20.3883495145631,1,A
19.047619047619,1,A
11.7647058823529,1,A
15.4929577464789,1,A
10.7142857142857,1,A
14.2857142857143,1,A
10.3448275862069,1,A
12.962962962963,1,A
10.1694915254237,1,A
13.5593220338983,1,A
18.5714285714286,1,A
18.0555555555556,1,A
13.4615384615385,1,A
15.2777777777778,1,A
15.0943396226415,1,A
24.2718446601942,1,A
15.4929577464789,1,A
21.5909090909091,1,A
15.4929577464789,1,A
11.4754098360656,1,A
14.8648648648649,1,A
10.5263157894737,1,A
10.3448275862069,1,A
9.09090909090909,1,A
2.89855072463768,4,A
10.5263157894737,1,A
13.7931034482759,1,A
15.7142857142857,1,A
11.1111111111111,1,A
20,1,A
14.5454545454545,1,A
11.5384615384615,1,A
20.8791208791209,1,A
23.1481481481481,1,A
12.7272727272727,1,A
23.8095238095238,1,A
11.1111111111111,1,A
11.1111111111111,1,A
14.1025641025641,1,A
10,1,A
15.2777777777778,1,A
10.5263157894737,1,A
10.7142857142857,1,A
21.1111111111111,1,A
15.7142857142857,1,A
24.0384615384615,1,A
12.0689655172414,1,A
10.3448275862069,1,A
10.3448275862069,1,A
24.2718446601942,1,A
23.3644859813084,1,A
22.463768115942,1,A
14.8648648648649,1,A
11.1111111111111,1,A
16.4179104477612,1,A
15.9420289855072,1,A
10.7142857142857,1,A
19.6261682242991,1,A
23.3082706766917,1,A
19.1176470588235,1,A
10.1694915254237,1,A
24.5098039215686,1,A
10.1694915254237,1,A
12.962962962963,1,A
13.3333333333333,1,A
28.1553398058252,1,A
12.7272727272727,1,A
10.9090909090909,1,A
14.8648648648649,1,A
22.3214285714286,1,A
10.3448275862069,1,A
12.962962962963,1,A
12,1,A
24,1,A
13.4615384615385,1,A
24.4444444444444,1,A
19.1176470588235,1,A
10.9090909090909,1,A
21.1111111111111,1,A
10.5263157894737,1,A
25.5102040816327,1,A
27.6119402985075,1,A
10.5263157894737,1,A
12.5,1,A
14.2857142857143,2,A
25,1,A
22.6277372262774,1,A
21.2121212121212,1,A
14.4736842105263,1,A
23.3644859813084,1,A
11.3207547169811,1,A
10,1,A
20.8791208791209,1,A
13.4615384615385,1,A
22.4137931034483,1,A
15.0684931506849,1,A
10.7142857142857,1,A
15.4929577464789,1,A
11.1111111111111,1,A
15.4929577464789,1,A
10.5263157894737,1,A
9.09090909090909,1,A
23.3644859813084,1,A
10.7142857142857,1,A
11.1111111111111,1,A
10.9090909090909,1,A
24.7524752475248,1,A
23.1481481481481,1,A
11.1111111111111,1,A
22.3214285714286,1,A
11.1111111111111,1,A
10.5263157894737,1,A
26.4957264957265,1,A
11.3207547169811,1,A
10.3448275862069,1,A
22.0338983050847,1,A
10.5263157894737,1,A
4.58715596330275,4,A
13.2075471698113,1,A
10.5263157894737,1,A
12.7272727272727,1,A
14.8648648648649,1,A
12.280701754386,1,A
14.8148148148148,1,A
10.7142857142857,1,A
10.1694915254237,1,A
24.0384615384615,1,A
16.8831168831169,1,A
15.0943396226415,1,A
28.9940828402367,1,A
11.3207547169811,1,A
10.5263157894737,1,A
9.83606557377049,1,A
10.3448275862069,1,A
20.3883495145631,1,A
19.811320754717,1,A
11.5384615384615,1,A
27.8846153846154,1,A
10.3448275862069,1,A
10.9090909090909,1,A
12.280701754386,1,A
33.5294117647059,1,A
10.3448275862069,1,A
10.5263157894737,1,A
11.1111111111111,1,A
28.8235294117647,1,A
24.0384615384615,1,A
14.6666666666667,1,A
17.5675675675676,1,A
14.5454545454545,1,A
13.2075471698113,1,A
14.2857142857143,1,A
18.8405797101449,1,A
26.8518518518519,1,A
10,1,A
10.3448275862069,1,A
21.8390804597701,1,A
-2,5,A
15.4929577464789,1,A
10.3448275862069,1,A
10.7142857142857,1,A
10.9090909090909,1,A
14.4736842105263,1,A
29.6969696969697,1,A
9.67741935483871,1,A
9.48275862068966,4,A
15.9420289855072,1,A
10.3448275862069,1,A
9.52380952380952,1,A
18.6915887850467,2,A
10.5263157894737,1,A
17.9775280898876,1,A
20.5298013245033,2,A
15.4929577464789,1,A
11.3207547169811,1,A
21.1111111111111,1,A
20.3883495145631,1,A
23.8095238095238,1,A
10.5263157894737,1,A
10.7142857142857,1,A
13.7931034482759,1,A
22.7272727272727,1,A
15.4929577464789,1,A
15.3846153846154,1,A
14.6666666666667,1,A
14.6666666666667,1,A
18.5714285714286,1,A
12.280701754386,1,A
12.0689655172414,1,A
10.7142857142857,1,A
24.2857142857143,1,A
10.5263157894737,1,A
21.5909090909091,1,A
23.3644859813084,1,A
23.5849056603774,1,A
15.9420289855072,1,A
23.1481481481481,1,A
21.8487394957983,1,A
12.962962962963,1,A
15.9420289855072,1,A
17.9775280898876,1,A
14.0350877192982,1,A
18,2,A
14.2857142857143,1,A
5.88235294117647,3,A
23.3644859813084,1,A
10.9090909090909,1,A
14.2857142857143,1,A
18.5185185185185,4,A
12.962962962963,1,A
19.4029850746269,1,A
13.4615384615385,1,A
20.2702702702703,1,A
10.1694915254237,1,A
10.7142857142857,1,A
34.5454545454545,1,A
10,1,A
15.0943396226415,1,A
10.9090909090909,1,A
14.4736842105263,1,A
10.3448275862069,1,A
7.21649484536082,3,A
24.2718446601942,1,A
18.8235294117647,1,A
12.280701754386,1,A
15.7142857142857,1,A
21.6494845360825,1,A
12.280701754386,1,A
19.1176470588235,1,A
23.8095238095238,1,A
15.4929577464789,1,A
25.3731343283582,1,A
10,1,A
18.1818181818182,1,A
25.2525252525252,1,A
24.2857142857143,1,A
17.5675675675676,1,A
23.0414746543779,1,A
15.4929577464789,1,A
21.2,4,A
15.6862745098039,1,A
15.4929577464789,1,A
23.8095238095238,1,A
10.5263157894737,1,A
19.4444444444444,1,A
13.5593220338983,1,A
22.8310502283105,1,A
14,1,A
15.9420289855072,1,A
18.5714285714286,1,A
20.1923076923077,1,A
20.6521739130435,1,A
12.0689655172414,1,A
15.0684931506849,1,A
12.0689655172414,1,A
10.3448275862069,1,A
9.52380952380952,1,A
15.9420289855072,1,A
12.962962962963,1,A
18.6046511627907,1,A
24.7524752475248,1,A
19.2660550458716,1,A
17.1052631578947,1,A
22.3214285714286,1,A
18.5714285714286,1,A
14.5454545454545,1,A
15.9420289855072,1,A
19.2771084337349,1,A
10.9090909090909,1,A
10.7142857142857,1,A
10.7142857142857,1,A
13.7254901960784,1,A
14.2857142857143,1,A
11.5384615384615,1,A
10.3448275862069,1,A
23.8095238095238,1,A
15.3846153846154,1,A
14.8648648648649,1,A
23.3644859813084,1,A
27.4074074074074,1,A
20.8333333333333,1,A
13.7254901960784,1,A
21.5909090909091,1,A
15.4929577464789,1,A
16.8831168831169,1,A
9.375,1,A
10.5263157894737,1,A
20.8791208791209,1,A
21.1382113821138,1,A
14.0350877192982,1,A
24.5192307692308,1,A
10.1694915254237,1,A
15.4929577464789,1,A
11.1111111111111,1,A
18.8405797101449,1,A
15.9420289855072,1,A
20.5882352941176,1,A
14.8648648648649,1,A
19.1176470588235,1,A
26.0536398467433,4,A
13.4615384615385,1,A
10.5263157894737,1,A
16.8316831683168,2,A
25.2873563218391,1,A
14.8148148148148,1,A
27.007299270073,1,A
25.1231527093596,1,A
10.9090909090909,1,A
20.5479452054794,1,A
23.8095238095238,1,A
12.280701754386,1,A
12.5,1,A
13.4615384615385,1,A
15.4929577464789,1,A
21,1,A
14.8648648648649,1,A
12.6984126984127,1,A
21.1267605633803,1,A
12.5,1,A
24.6376811594203,1,A
10.3448275862069,1,A
14.5454545454545,1,A
12.962962962963,1,A
22.3880597014925,1,A
24.0384615384615,1,A
24.4047619047619,1,A
10.7142857142857,1,A
28.8235294117647,1,A
9.23076923076923,1,A
5.88235294117647,4,A
17.8082191780822,1,A
13.4615384615385,1,A
18.3098591549296,1,A
10.9090909090909,1,A
24.0384615384615,1,A
23.1481481481481,1,A
11.1111111111111,1,A
12.0689655172414,1,A
1.75438596491228,4,A
16.1764705882353,1,A
15.0684931506849,1,A
11.1111111111111,1,A
9.67741935483871,1,A
18.3098591549296,1,A
9.67741935483871,1,A
12.2641509433962,2,A
17.2043010752688,1,A
11.1111111111111,1,A
11.6666666666667,1,A
1.06382978723404,4,A
6.94444444444444,1,A
19.047619047619,1,A
10.1694915254237,1,A
17.3076923076923,2,A
17.2043010752688,1,A
10.5263157894737,1,A
15.2777777777778,1,A
14.0350877192982,1,A
14.0350877192982,1,A
10.9090909090909,1,A
18.6046511627907,1,A
15.2777777777778,1,A
14.4736842105263,1,A
10.1694915254237,1,A
19.4805194805195,1,A
10.9090909090909,1,A
13.2075471698113,1,A
18.5714285714286,1,A
13.75,1,A
24.2718446601942,1,A
25.8883248730964,1,A
23.8095238095238,1,A
12.5,1,A
14.0350877192982,1,A
12.280701754386,1,A
15.1515151515152,2,A
18.75,1,A
15.2777777777778,1,A
15.4929577464789,1,A
14.5454545454545,1,A
11.1111111111111,1,A
10.5263157894737,1,A
13.7254901960784,1,A
10.5263157894737,1,A
10.1694915254237,1,A
11.1111111111111,1,A
15.3846153846154,1,A
11.1111111111111,1,A
12.0689655172414,1,A
-8.29015544041451,6,A
2.4390243902439,1,A
17.8082191780822,1,A
17.8082191780822,1,A
18.3098591549296,1,A
15.9420289855072,1,A
18.8405797101449,1,A
8.86075949367089,3,A
2.63157894736842,1,A
18.1818181818182,1,A
10.5263157894737,1,A
12.962962962963,1,A
24.1706161137441,1,A
21.8390804597701,1,A
12.280701754386,1,A
10.3448275862069,1,A
10.9090909090909,1,A
15.9420289855072,1,A
14.6666666666667,1,A
15.7142857142857,1,A
11.5702479338843,4,A
17.3333333333333,1,A
15.2777777777778,1,A
17.9775280898876,1,A
11.1111111111111,1,A
21.8390804597701,1,A
11.6666666666667,1,A
21.4285714285714,1,A
10.5263157894737,1,A
15.9420289855072,1,A
11.5384615384615,1,A
15.2777777777778,1,A
15.0684931506849,1,A
10.7142857142857,1,A
14.4736842105263,1,A
15.6862745098039,1,A
21.1267605633803,1,A
16.1764705882353,1,A
24.0384615384615,1,A
14.4736842105263,1,A
4.90196078431373,3,A
15.9420289855072,1,A
27.6119402985075,1,A
22.9357798165138,1,A
22.9299363057325,1,A
21.1111111111111,1,A
18.0555555555556,1,A
13.2075471698113,1,A
26.099706744868,4,A
9.83606557377049,1,A
14.2857142857143,1,A
20.3883495145631,1,A
16.4179104477612,1,A
15.0684931506849,1,A
10.1694915254237,1,A
14.5454545454545,2,A
10.7142857142857,1,A
17.7777777777778,1,A
11.1111111111111,1,A
12.7272727272727,1,A
20.8,1,A
16.1764705882353,1,A
10.5263157894737,1,A
18.3908045977011,1,A
10.5263157894737,1,A
13.2075471698113,1,A
23.3644859813084,1,A
18.8405797101449,1,A
25,1,A
22.0338983050847,1,A
16.4383561643836,1,A
9.375,1,A
11.5384615384615,1,A
14.8648648648649,1,A
10.7142857142857,1,A
11.7647058823529,1,A
4.03225806451613,4,A
14.8648648648649,1,A
5.68181818181818,3,A
23.1481481481481,1,A
11.3207547169811,1,A
11.1111111111111,1,A
18.3908045977011,1,A
11.1111111111111,1,A
17.9775280898876,1,A
14.2857142857143,1,A
15.9420289855072,1,A
15.0684931506849,1,A
23.5849056603774,1,A
12.962962962963,1,A
8.10810810810811,1,A
24.0384615384615,1,A
20,1,A
10.9090909090909,1,A
23.3644859813084,1,A
12.280701754386,1,A
11.5384615384615,1,A
10.9090909090909,1,A
12.7272727272727,1,A
24.5098039215686,1,A
20.3703703703704,1,A
15.7142857142857,1,A
18.1818181818182,1,A
17.3333333333333,1,A
25.4901960784314,3,A
15.0684931506849,1,A
15.2777777777778,1,A
22.093023255814,1,A
10.3448275862069,1,A
23.8095238095238,1,A
10.9090909090909,1,A
-1.96078431372549,5,A
11.1111111111111,1,A
15.2777777777778,1,A
13.7254901960784,1,A
21.5909090909091,1,A
15.7142857142857,1,A
17.5675675675676,1,A
15.0943396226415,1,A
14.4736842105263,1,A
10.1694915254237,1,A
10.9090909090909,1,A
21.6666666666667,1,A
10.7142857142857,1,A
24.7524752475248,1,A
10.1694915254237,1,A
10.3448275862069,1,A
17.5675675675676,1,A
20,1,A
10.7142857142857,1,A
12,1,A
10.1694915254237,1,A
22.4137931034483,1,A
10,1,A
14.1025641025641,1,A
13.3333333333333,1,A
22.093023255814,1,A
25,1,A
21.1267605633803,1,A
10.1694915254237,1,A
15.2777777777778,1,A
24.7524752475248,1,A
14.4736842105263,1,A
17.5675675675676,1,A
14.8648648648649,1,A
12.7272727272727,1,A
10.3448275862069,1,A
6.14035087719298,3,A
23.5849056603774,1,A
14.8648648648649,1,A
22.9357798165138,1,A
15.2777777777778,1,A
13.2075471698113,1,A
12.5,1,A
27.007299270073,1,A
21.5909090909091,1,A
15.4929577464789,1,A
17.5824175824176,1,A
14.6666666666667,1,A
18.3098591549296,1,A
11.1111111111111,1,A
11.1111111111111,1,A
21.4285714285714,1,A
10.1694915254237,1,A
10,1,A
11.7647058823529,1,A
18.1818181818182,1,A
17.5824175824176,1,A
24.2718446601942,1,A
11.3207547169811,1,A
11.7647058823529,1,A
23.6641221374046,1,A
28.4313725490196,1,A
16.8831168831169,1,A
1.65289256198347,4,A
10.3448275862069,1,A
17.9775280898876,1,A
15.9420289855072,1,A
11.1111111111111,1,A
12.280701754386,1,A
10.1694915254237,1,A
22.9357798165138,1,A
10.7142857142857,1,A
14.6666666666667,1,A
24.5098039215686,1,A
14.5454545454545,1,A
2.10526315789474,1,A
10.5263157894737,1,A
24.0384615384615,1,A
15.8878504672897,2,A
14.8648648648649,1,A
12.962962962963,1,A
16.8831168831169,1,A
9.52380952380952,1,A
2.58620689655172,4,A
17.9775280898876,1,A
10,1,A
10.1694915254237,1,A
27.7397260273973,1,A
15.0684931506849,1,A
23.5849056603774,1,A
11.3207547169811,1,A
11.1111111111111,1,A
21.4285714285714,1,A
16.1764705882353,1,A
11.3207547169811,1,A
14.4736842105263,1,A
16.1764705882353,1,A
21.3483146067416,1,A
11.5384615384615,1,A
11.5384615384615,1,A
20.5882352941176,1,A
21.1267605633803,1,A
14.8648648648649,1,A
14.2857142857143,1,A
4.03225806451613,4,A
19.047619047619,1,A
15.4929577464789,1,A
15.4929577464789,1,A
11.5384615384615,1,A
9.83606557377049,1,A
23.5849056603774,1,A
10.9090909090909,1,A
11.1111111111111,1,A
10,1,A
12.0689655172414,1,A
16.9491525423729,1,A
18.5714285714286,1,A
12.5,1,A
20.1923076923077,1,A
16.1764705882353,1,A
2.04081632653061,4,A
15.2777777777778,1,A
10.9090909090909,1,A
18.8235294117647,1,A
2.1505376344086,4,A
14.2857142857143,1,A
10.5263157894737,1,A
33.5570469798658,1,A
22.2222222222222,1,A
18.3098591549296,1,A
18.3098591549296,1,A
23.1481481481481,1,A
22.4137931034483,1,A
10.7142857142857,1,A
9.52380952380952,3,A
15.2777777777778,1,A
10.3448275862069,1,A
14.6666666666667,1,A
14.0350877192982,1,A
10.7142857142857,1,A
12.5,1,A
11.1111111111111,1,A
10.7142857142857,1,A
10,1,A
24.2718446601942,1,A
11.1111111111111,1,A
17.7777777777778,1,A
14.4736842105263,1,A
17.5824175824176,1,A
25.2525252525252,1,A
14.8148148148148,1,A
14.8648648648649,1,A
2,4,A
13.2075471698113,1,A
11.7647058823529,1,A
14.0350877192982,1,A
14.1025641025641,1,A
21.551724137931,1,A
11.5384615384615,1,A
23.5849056603774,1,A
10.9090909090909,1,A
23.4567901234568,1,A
11.1111111111111,1,A
19.3181818181818,3,A
13.1578947368421,2,A
10.9090909090909,1,A
11.5384615384615,1,A
2.38095238095238,4,A
14.6666666666667,1,A
10,1,A
9.375,1,A
20.2702702702703,1,A
11.5384615384615,1,A
19.6261682242991,1,A
11.3207547169811,1,A
15.4929577464789,1,A
15.6862745098039,1,A
16.0493827160494,1,A
10.5263157894737,1,A
17.7777777777778,1,A
21.1267605633803,1,A
17.9775280898876,1,A
10.7142857142857,1,A
-0.99009900990099,6,A
11.1111111111111,1,A
10.7142857142857,1,A
11.1111111111111,1,A
23.1481481481481,1,A
15.9420289855072,1,A
15.2777777777778,1,A
18.1818181818182,1,A
12.7272727272727,1,A
0,4,A
17.9775280898876,1,A
19.6261682242991,1,A
23.5849056603774,1,A
11.1111111111111,1,A
11.6666666666667,1,A
19.2771084337349,1,A
18.3098591549296,1,A
14.2857142857143,1,A
22.3214285714286,1,A
12.6984126984127,1,A
15.4929577464789,1,A
11.3207547169811,1,A
20.6349206349206,1,A
14.8648648648649,1,A
17.8082191780822,1,A
18.5714285714286,1,A
14.0350877192982,1,A
10.5263157894737,1,A
15.2777777777778,1,A
15.7142857142857,1,A
11.1111111111111,1,A
22.093023255814,1,A
14.6666666666667,1,A
10.7142857142857,1,A
11.7647058823529,1,A
22.0588235294118,1,A
10.3448275862069,1,A
15.2777777777778,1,A
14.8148148148148,1,A
9.52380952380952,1,A
17.7777777777778,1,A
14.2857142857143,1,A
24.0384615384615,1,A
20.1923076923077,1,A
14.2857142857143,1,A
17.5675675675676,1,A
9.83606557377049,1,A
26.8115942028986,1,A
15.6862745098039,1,A
14.0350877192982,1,A
13.6986301369863,2,A
14.6666666666667,1,A
12.280701754386,1,A
11.3207547169811,1,A
22.9357798165138,1,A
15.7142857142857,1,A
22.7941176470588,1,A
10.7142857142857,1,A
10.9090909090909,1,A
21.4285714285714,1,A
21.2121212121212,1,A
17.9775280898876,1,A
11.3207547169811,1,A
12.280701754386,1,A
10.3448275862069,1,A
17.8082191780822,1,A
18.8235294117647,1,A
18.8405797101449,1,A
10.3448275862069,1,A
25,1,A
12.7272727272727,1,A
15.0684931506849,1,A
15.4929577464789,1,A
13.1578947368421,2,A
24.5098039215686,1,A
15.4929577464789,1,A
23.134328358209,1,A
16.8421052631579,1,A
11.1111111111111,1,A
11.1111111111111,1,A
9.67741935483871,1,A
14.6666666666667,1,A
9.67741935483871,1,A
15.0684931506849,1,A
13.9240506329114,1,A
14.4736842105263,1,A
21.1111111111111,1,A
13.7254901960784,1,A
12.5,1,A
18.6046511627907,1,A
13.4615384615385,1,A
16.4179104477612,1,A
15.9420289855072,1,A
11.5384615384615,1,A
5.97014925373134,1,AAAA
5.88235294117647,1,AAAA
5.79710144927536,1,AAAA
3.7037037037037,3,AAAA
1.75438596491228,4,AAAA
5.71428571428571,1,AAAA
14.5631067961165,1,AAAA
3.52941176470588,3,AAAA
5.71428571428571,1,AAAA
7,3,AAAA
1.8018018018018,4,AAAA
1.78571428571429,4,AAAA
6.15384615384615,1,AAAA
5.79710144927536,1,AAAA
2.25563909774436,4,AAAA
0.934579439252336,4,AAAA
4.34782608695652,4,AAAA
1.6260162601626,4,AAAA
2.08333333333333,4,AAAA
13.2450331125828,1,AAAA
7.46268656716418,1,AAAA
12.0967741935484,1,AAAA
7.2463768115942,1,AAAA
4.95867768595041,3,AAAA
1.98019801980198,4,AAAA
5.04201680672269,4,AAAA
8.51063829787234,1,AAAA
7.14285714285714,1,AAAA
3.2967032967033,4,AAAA
7.52688172043011,3,AAAA
0.854700854700855,4,AAAA
0,1,AAAA
7.57575757575758,1,AAAA
5.49450549450549,3,AAAA
5.68181818181818,3,AAAA
6.06060606060606,1,AAAA
5.88235294117647,4,AAAA
0,4,AAAA
2.20588235294118,4,AAAA
6.89655172413793,2,AAAA
-2.85714285714286,5,AAAA
9.44881889763779,1,AAAA
0.952380952380952,4,AAAA
-1.08695652173913,5,AAAA
12.7659574468085,1,AAAA
3.26086956521739,3,AAAA
0.91743119266055,4,AAAA
3.77358490566038,3,AAAA
0.892857142857143,4,AAAA
7.8125,1,AAAA
-0.862068965517241,5,AAAA
1.76991150442478,4,AAAA
7.92079207920792,3,AAAA
3.92156862745098,3,AAAA
1.86915887850467,4,AAAA
-3.03030303030303,5,AAAA
0.934579439252336,4,AAAA
2.08333333333333,4,AAAA
7.2463768115942,1,AAAA
-3.40909090909091,5,AAAA
4.87804878048781,3,AAAA
-1.03092783505155,5,AAAA
8.24742268041237,1,AAAA
-5.15463917525773,5,AAAA
-0.934579439252336,5,AAAA
-2.97029702970297,5,AAAA
-0.99009900990099,4,AAAA
1.66666666666667,4,AAAA
1.78571428571429,4,AAAA
5.79710144927536,1,AAAA
-2.85714285714286,5,AAAA
8.42105263157895,1,AAAA
7.35294117647059,1,AAAA
0.91743119266055,4,AAAA
2.88461538461538,4,AAAA
1.66666666666667,3,AAAA
-1.0752688172043,5,AAAA
-3.03030303030303,5,AAAA
8.24742268041237,1,AAAA
3.84615384615385,3,AAAA
5.79710144927536,1,AAAA
0.892857142857143,4,AAAA
0.980392156862745,4,AAAA
2.75229357798165,4,AAAA
5.76923076923077,3,AAAA
1.76991150442478,4,AAAA
1.6,4,AAAA
4.25531914893617,3,AAAA
2.38095238095238,4,AAAA
7.35294117647059,1,AAAA
0.925925925925926,4,AAAA
3.33333333333333,4,AAAA
3.26086956521739,3,AAAA
0,4,AAAA
-5.26315789473684,5,AAAA
-3.06122448979592,5,AAAA
3.03030303030303,4,AAAA
1.01010101010101,4,AAAA
3.26086956521739,3,AAAA
0.925925925925926,4,AAAA
2.4390243902439,4,AAAA
2.06185567010309,4,AAAA
4.25531914893617,3,AAAA
1.5748031496063,4,AAAA
3.96039603960396,3,AAAA
0.925925925925926,4,AAAA
2.17391304347826,4,AAAA
-2.80373831775701,5,AAAA
8.42105263157895,1,AAAA
-2.28571428571429,7,AAAA
-2.94117647058823,5,AAAA
4.0650406504065,4,AAAA
0,4,AAAA
3.40909090909091,3,AAAA
2.10526315789474,4,AAAA
5.71428571428571,1,AAAA
8.51063829787234,1,AAAA
8.19672131147541,1,AAAA
6.06060606060606,1,AAAA
13.5135135135135,1,AAAA
0,4,AAAA
1.58730158730159,4,AAAA
-3.09278350515464,5,AAAA
4.13223140495868,4,AAAA
3.63636363636364,4,AAAA
1.66666666666667,4,AAAA
8.16326530612245,1,AAAA
-2.29885057471264,7,AAAA
-2.85714285714286,5,AAAA
6.06060606060606,1,AAAA
-1.32450331125828,6,AAAA
1.8018018018018,4,AAAA
13.3333333333333,1,AAAA
5.71428571428571,3,AAAA
5.79710144927536,1,AAAA
0.840336134453782,4,AAAA
-3.19148936170213,5,AAAA
0.91743119266055,4,AAAA
5.71428571428571,1,AAAA
3.33333333333333,3,AAAA
6.06060606060606,1,AAAA
9.44881889763779,1,AAAA
3.80952380952381,3,AAAA
-3,5,AAAA
1.65289256198347,4,AAAA
2.45901639344262,4,AAAA
15.3256704980843,1,AAAA
10.3896103896104,1,AAAA
15.3846153846154,1,AAAA
6.06060606060606,1,AAAA
-3.06122448979592,5,AAAA
0,4,AAAA
1.65289256198347,4,AAAA
8.51063829787234,1,AAAA
8.41121495327103,3,AAAA
3.17460317460317,4,AAAA
3.44827586206897,3,AAAA
-2.41935483870968,6,AAAA
4.59770114942529,3,AAAA
0.91743119266055,4,AAAA
-2.60869565217391,5,AAAA
4.8,3,AAAA
4.61538461538462,3,AAAA
0.91743119266055,4,AAAA
2.85714285714286,4,AAAA
8.08080808080808,1,AAAA
2.20588235294118,4,AAAA
-1.61290322580645,6,AAAA
2.88461538461538,4,AAAA
4.51127819548872,3,AAAA
8.69565217391304,1,AAAA
7.2289156626506,2,AAAA
4.46428571428571,3,AAAA
0.934579439252336,4,AAAA
4.3956043956044,3,AAAA
8.24742268041237,1,AAAA
4.91803278688525,3,AAAA
-2.75229357798165,5,AAAA
5.71428571428571,1,AAAA
0,4,AAAA
-2.85714285714286,5,AAAA
1.65289256198347,4,AAAA
1.0989010989011,3,AAAA
1.63934426229508,4,AAAA
1.11111111111111,3,AAAA
8.51063829787234,1,AAAA
6.06060606060606,1,AAAA
0,4,AAAA
0.91743119266055,4,AAAA
3.2967032967033,3,AAAA
5.45454545454545,3,AAAA
10.6666666666667,1,AAAA
1.63934426229508,4,AAAA
3.63636363636364,4,AAAA
8.33333333333333,1,AAAA
-3.4965034965035,6,AAAA
1.94174757281553,4,AAAA
10.5263157894737,1,AAAA
5.97014925373134,1,AAAA
4.62962962962963,4,AAAA
0,4,AAAA
8.42105263157895,1,AAAA
1.78571428571429,4,AAAA
0,1,AAAA
-3,5,AAAA
5.83333333333333,3,AAAA
1.11111111111111,4,AAAA
1.65289256198347,4,AAAA
8.24742268041237,1,AAAA
5.55555555555556,1,AAAA
8.08080808080808,1,AAAA
5.26315789473684,3,AAAA
8.33333333333333,1,AAAA
7.46268656716418,1,AAAA
3.2520325203252,4,AAAA
0.91743119266055,4,AAAA
2.5,4,AAAA
9.83606557377049,1,AAAA
0,4,AAAA
0,4,AAAA
4.08163265306122,3,AAAA
0,4,AAAA
0.970873786407767,4,AAAA
0.961538461538462,4,AAAA
4.58715596330275,3,AAAA
3.30578512396694,4,AAAA
8.42105263157895,1,AAAA
2.77777777777778,4,AAAA
2.58620689655172,4,AAAA
5.71428571428571,1,AAAA
1.68067226890756,4,AAAA
3.1496062992126,3,AAAA
12.1212121212121,1,AAAA
2.52100840336134,4,AAAA
0,4,AAAA
4.85436893203883,3,AAAA
8.33333333333333,1,AAAA
12.9032258064516,1,AAAA
5.76923076923077,3,AAAA
-3.06122448979592,5,AAAA
0.847457627118644,4,AAAA
0,4,AAAA
6.84931506849315,1,AAAA
8.16326530612245,1,AAAA
0,4,AAAA
5.71428571428571,1,AAAA
5.12820512820513,1,AAAA
2.17391304347826,4,AAAA
0.970873786407767,4,AAAA
4.95049504950495,3,AAAA
0.970873786407767,4,AAAA
2.83018867924528,3,AAAA
-5.20833333333333,5,AAAA
4,3,AAAA
0.99009900990099,4,AAAA
3.44827586206897,3,AAAA
4.03225806451613,4,AAAA
3.84615384615385,3,AAAA
4.6875,3,AAAA
1.8018018018018,4,AAAA
6.06060606060606,1,AAAA
0,4,AAAA
5.5045871559633,3,AAAA
8.33333333333333,1,AAAA
3.27868852459016,4,AAAA
0.952380952380952,4,AAAA
2.65486725663717,4,AAAA
-2.12765957446808,5,AAAA
-1.65289256198347,5,AAAA
5.71428571428571,1,AAAA
5.71428571428571,1,AAAA
5.71428571428571,1,AAAA
1.65289256198347,4,AAAA
1.6,4,AAAA
0.934579439252336,4,AAAA
8.16326530612245,1,AAAA
6.06060606060606,1,AAAA
2.06185567010309,4,AAAA
3.2967032967033,3,AAAA
5.88235294117647,1,AAAA
10.3225806451613,1,AAAA
0,4,AAAA
0,4,AAAA
3.15789473684211,3,AAAA
0.862068965517241,4,AAAA
-2.80373831775701,5,AAAA
4.91803278688525,3,AAAA
16.304347826087,1,AAAA
1.78571428571429,4,AAAA
7.46268656716418,1,AAAA
0,4,AAAA
0.934579439252336,4,AAAA
4.51127819548872,3,AAAA
1.0752688172043,3,AAAA
4.49438202247191,3,AAAA
6.45161290322581,1,AAAA
2.47933884297521,4,AAAA
0,4,AAAA
0.884955752212389,4,AAAA
-1.69491525423729,5,AAAA
4.16666666666667,3,AAAA
3.33333333333333,4,AAAA
2.75229357798165,4,AAAA
1.75438596491228,4,AAAA
3.2967032967033,3,AAAA
-1.88679245283019,5,AAAA
0.925925925925926,4,AAAA
-0.689655172413793,7,AAAA
13.5135135135135,1,AAAA
0.99009900990099,4,AAAA
3.80952380952381,3,AAAA
-2.88461538461538,5,AAAA
0.826446280991735,4,AAAA
3.92156862745098,3,AAAA
-2.83018867924528,5,AAAA
2.36220472440945,3,AAAA
3.96039603960396,4,AAAA
0,4,AAAA
8.24742268041237,1,AAAA
-3.15789473684211,5,AAAA
2.80373831775701,4,AAAA
6.06060606060606,1,AAAA
-3.03030303030303,5,AAAA
5.79710144927536,1,AAAA
5.12820512820513,1,AAAA
2.36220472440945,4,AAAA
5.88235294117647,1,AAAA
6.06060606060606,1,AAAA
3.57142857142857,3,AAAA
3.33333333333333,3,AAAA
1.5625,4,AAAA
3.65853658536585,3,AAAA
5.26315789473684,3,AAAA
3.40909090909091,3,AAAA
0,4,AAAA
0.869565217391304,4,AAAA
1.14942528735632,3,AAAA
5.71428571428571,1,AAAA
3.27868852459016,4,AAAA
5.79710144927536,1,AAAA
3.6697247706422,4,AAAA
4.80769230769231,3,AAAA
-3.125,5,AAAA
3.33333333333333,4,AAAA
0.970873786407767,4,AAAA
0,4,AAAA
7.57575757575758,1,AAAA
0.952380952380952,4,AAAA
7.4468085106383,3,AAAA
1.61290322580645,4,AAAA
1.55038759689923,4,AAAA
12.9032258064516,1,AAAA
1.6,4,AAAA
2.83018867924528,3,AAAA
0,4,AAAA
1.73913043478261,4,AAAA
6.48148148148148,4,AAAA
-1.05263157894737,5,AAAA
10.3896103896104,1,AAAA
1.02040816326531,4,AAAA
15.1515151515152,1,AAAA
3.57142857142857,3,AAAA
3.2967032967033,3,AAAA
6.4,3,AAAA
1.61290322580645,4,AAAA
5.71428571428571,1,AAAA
-0.952380952380952,5,AAAA
2.29007633587786,4,AAAA
1.6260162601626,4,AAAA
1.63934426229508,4,AAAA
3.19148936170213,3,AAAA
0.892857142857143,4,AAAA
1.78571428571429,4,AAAA
2.65486725663717,4,AAAA
3.80952380952381,4,AAAA
0.980392156862745,4,AAAA
0.980392156862745,4,AAAA
1.90476190476191,3,AAAA
1.51515151515152,4,AAAA
1.65289256198347,4,AAAA
-3,5,AAAA
8.42105263157895,1,AAAA
3.44827586206897,3,AAAA
3.52941176470588,3,AAAA
3.53982300884956,4,AAAA
0.943396226415094,4,AAAA
1.69491525423729,4,AAAA
8.03571428571429,4,AAAA
-4.24242424242424,7,AAAA
-1.04166666666667,5,AAAA
5.71428571428571,1,AAAA
-2.83018867924528,5,AAAA
-4.05405405405405,6,AAAA
-1.02040816326531,5,AAAA
0.970873786407767,4,AAAA
9.09090909090909,2,AAAA
-2.97029702970297,5,AAAA
-3.09278350515464,5,AAAA
-0.9,5,AAAA
1.6260162601626,4,AAAA
4.76190476190476,3,AAAA
1.52671755725191,4,AAAA
0.847457627118644,4,AAAA
1.6260162601626,4,AAAA
1.5748031496063,4,AAAA
8.42105263157895,1,AAAA
13.0434782608696,1,AAAA
-2.97029702970297,5,AAAA
-2.94117647058823,5,AAAA
8.51063829787234,1,AAAA
1.63934426229508,4,AAAA
4.65116279069768,3,AAAA
0.909090909090909,4,AAAA
0,4,AAAA
0,4,AAAA
2.72727272727273,3,AAAA
1.61290322580645,4,AAAA
-1.58730158730159,5,AAAA
4.95867768595041,3,AAAA
0,4,AAAA
11.1731843575419,1,AAAA
6.06060606060606,1,AAAA
3.40909090909091,3,AAAA
-2.85714285714286,5,AAAA
4.20168067226891,3,AAAA
-3.52112676056338,6,AAAA
7.92079207920792,1,AAAA
-0.588235294117647,6,AAAA
0,4,AAAA
3.88349514563107,3,AAAA
2.58620689655172,3,AAAA
12.2362869198312,4,AAAA
1.85185185185185,4,AAAA
0,4,AAAA
1.08695652173913,4,AAAA
10.2040816326531,1,AAAA
1.04166666666667,4,AAAA
0.952380952380952,4,AAAA
12.9032258064516,1,AAAA
5.55555555555556,1,AAAA
2.94117647058823,4,AAAA
5.97014925373134,1,AAAA
8,1,AAAA
5.71428571428571,1,AAAA
-1.2987012987013,6,AAAA
2.83018867924528,3,AAAA
9.91735537190083,1,AAAA
1.63934426229508,4,AAAA
8.51063829787234,1,AAAA
8.82352941176471,3,AAAA
1.81818181818182,4,AAAA
4.21052631578947,3,AAAA
1.63934426229508,4,AAAA
3.80952380952381,3,AAAA
0,4,AAAA
1.12359550561798,3,AAAA
0.970873786407767,4,AAAA
6.79611650485437,3,AAAA
0,4,AAAA
1.61290322580645,4,AAAA
-0.8,4,AAAA
5.40540540540541,3,AAAA
-4.06976744186047,7,AAAA
2.94117647058823,3,AAAA
8.42105263157895,1,AAAA
4.6875,3,AAAA
-5,5,AAAA
5.5045871559633,3,AAAA
12.1212121212121,1,AAAA
-0.78740157480315,5,AAAA
0,4,AAAA
8.60215053763441,1,AAAA
10.6382978723404,1,AAAA
-1.03092783505155,5,AAAA
0,4,AAAA
1.6260162601626,4,AAAA
0.970873786407767,4,AAAA
14.2857142857143,1,AAAA
5.71428571428571,1,AAAA
0.854700854700855,4,AAAA
8.60215053763441,1,AAAA
1.68067226890756,4,AAAA
7.86516853932584,3,AAAA
15.3256704980843,1,AAAA
10.1910828025478,1,AAAA
1.6,4,AAAA
14.7058823529412,1,AAAA
1.11111111111111,3,AAAA
-0.925925925925926,5,AAAA
2.02020202020202,4,AAAA
10.0840336134454,1,AAAA
1.68067226890756,4,AAAA
1.06382978723404,4,AAAA
0,4,AAAA
2.24719101123596,4,AAAA
7.92079207920792,1,AAAA
4.71698113207547,3,AAAA
1.6260162601626,4,AAAA
1.6260162601626,4,AAAA
13.0434782608696,1,AAAA
3.6697247706422,3,AAAA
0,4,AAAA
1.94174757281553,4,AAAA
12.5,1,AAAA
0,5,AAAA
1.61290322580645,4,AAAA
8.42105263157895,1,AAAA
5.47945205479452,1,AAAA
-4.62962962962963,5,AAAA
-3.03030303030303,5,AAAA
1.6,4,AAAA
-0.980392156862745,5,AAAA
1.81818181818182,4,AAAA
0,4,AAAA
5.63380281690141,1,AAAA
2.60869565217391,4,AAAA
1.8018018018018,4,AAAA
-2.02020202020202,5,AAAA
8.60215053763441,1,AAAA
-2.9126213592233,5,AAAA
3.77358490566038,3,AAAA
8.33333333333333,3,AAAA
-6.09756097560976,7,AAAA
5.05050505050505,3,AAAA
5.79710144927536,1,AAAA
11.2,2,AAAA
2.77777777777778,4,AAAA
0.934579439252336,4,AAAA
2.4,4,AAAA
0,4,AAAA
5.97014925373134,1,AAAA
3,4,AAAA
2.4390243902439,4,AAAA
0.840336134453782,4,AAAA
-0.813008130081301,5,AAAA
0,1,AAAA
-3.03030303030303,5,AAAA
1.70940170940171,4,AAAA
8.16326530612245,1,AAAA
-0.806451612903226,5,AAAA
1.78571428571429,4,AAAA
1.53846153846154,4,AAAA
0,4,AAAA
5.68181818181818,3,AAAA
4.12371134020619,3,AAAA
4.20168067226891,4,AAAA
13.1868131868132,1,AAAA
1.65289256198347,4,AAAA
3.52941176470588,3,AAAA
1.17647058823529,3,AAAA
2.9126213592233,4,AAAA
1.90476190476191,3,AAAA
-1.8348623853211,8,AAAA
1.88679245283019,4,AAAA
0.961538461538462,4,AAAA
0.854700854700855,4,AAAA
2.83018867924528,4,AAAA
0.854700854700855,4,AAAA
3.7037037037037,3,AAAA
0,4,AAAA
0,4,AAAA
0.87719298245614,4,AAAA
0,4,AAAA
1.75438596491228,4,AAAA
4.65116279069768,3,AAAA
4.3859649122807,4,AAAA
0.961538461538462,4,AAAA
-1.5748031496063,4,AAAA
2.54777070063694,6,AAAA
9.30232558139535,1,AAAA
6.06060606060606,1,AAAA
0.862068965517241,4,AAAA
0,4,AAAA
-1.81818181818182,5,AAAA
4.58715596330275,3,AAAA
5.63380281690141,1,AAAA
-2.75862068965517,6,AAAA
9.30232558139535,1,AAAA
2.83018867924528,4,AAAA
8.33333333333333,1,AAAA
0.909090909090909,4,AAAA
5.79710144927536,1,AAAA
5.55555555555556,3,AAAA
-3.44827586206897,5,AAAA
-0.970873786407767,4,AAAA
-2.94117647058823,5,AAAA
7.25806451612903,3,AAAA
11.8811881188119,1,AAAA
0.99009900990099,4,AAAA
1.5748031496063,4,AAAA
4.87804878048781,3,AAAA
7.69230769230769,1,AAAA
1.65289256198347,4,AAAA
1.17647058823529,3,AAAA
0.847457627118644,4,AAAA
0.909090909090909,4,AAAA
2.83018867924528,4,AAAA
1.63934426229508,4,AAAA
9.52380952380952,2,AAAA
-0.961538461538462,5,AAAA
5.88235294117647,1,AAAA
2.27272727272727,4,AAAA
2.77777777777778,4,AAAA
6.06060606060606,1,AAAA
-3.03030303030303,5,AAAA
7.29166666666667,3,AAAA
0.900900900900901,4,AAAA
0.826446280991735,4,AAAA
0.87719298245614,4,AAAA
3.33333333333333,3,AAAA
-3.09278350515464,5,AAAA
0.900900900900901,4,AAAA
-3.125,5,AAAA
0,4,AAAA
8.60215053763441,1,AAAA
5.55555555555556,4,AAAA
-1.72413793103448,7,AAAA
0,1,AAAA
3.2258064516129,3,AAAA
-3.19148936170213,5,AAAA
3.37078651685393,3,AAAA
9.8159509202454,1,AAAA
-1.66666666666667,4,AAAA
1.6260162601626,4,AAAA
3.44827586206897,4,AAAA
4.83870967741936,3,AAAA
-3.125,5,AAAA
8.08080808080808,1,AAAA
3,4,AAAA
8.27067669172932,4,AAAA
0.826446280991735,4,AAAA
8.33333333333333,1,AAAA
9.6,1,AAAA
6.06060606060606,1,AAAA
0,4,AAAA
0,4,AAAA
1.8018018018018,4,AAAA
1.75438596491228,4,AAAA
1.01010101010101,4,AAAA
1.69491525423729,4,AAAA
8.33333333333333,1,AAAA
8.24742268041237,1,AAAA
3.2967032967033,3,AAAA
-2.9126213592233,5,AAAA
13.1868131868132,1,AAAA
12.6315789473684,1,AAAA
-3.15789473684211,5,AAAA
12.1212121212121,1,AAAA
8,1,AAAA
3.92156862745098,3,AAAA
0,4,AAAA
1.63934426229508,4,AAAA
14.8698884758364,1,AAAA
2.32558139534884,4,AAAA
1.76991150442478,4,AAAA
1.81818181818182,4,AAAA
0,4,AAAA
-4.24242424242424,7,AAAA
0,4,AAAA
5.47945205479452,1,AAAA
0.961538461538462,4,AAAA
8.79120879120879,1,AAAA
8.24742268041237,1,AAAA
3.125,4,AAAA
9.70149253731343,2,AAAA
-0.87719298245614,5,AAAA
9.52380952380952,1,AAAA
-3.03030303030303,5,AAAA
-2.97029702970297,5,AAAA
10.8108108108108,1,AAAA
1.01010101010101,4,AAAA
5.79710144927536,1,AAAA
9.75609756097561,1,AAAA
0.91743119266055,4,AAAA
1.88679245283019,4,AAAA
3.93700787401575,4,AAAA
-1.8348623853211,5,AAAA
1.66666666666667,4,AAAA
11.2359550561798,1,AAAA
0.970873786407767,4,AAAA
0.793650793650794,4,AAAA
1.58730158730159,4,AAAA
-2.97029702970297,5,AAAA
3.15789473684211,4,AAAA
1.02040816326531,4,AAAA
2.41935483870968,4,AAAA
8.16326530612245,1,AAAA
4.54545454545455,3,AAAA
0,4,AAAA
0,4,AAAA
6.06060606060606,1,AAAA
9.75609756097561,1,AAAA
6.06060606060606,1,AAAA
9.6,1,AAAA
0.869565217391304,4,AAAA
0,4,AAAA
-1,5,AAAA
4.7244094488189,3,AAAA
4.8,3,AAAA
-13.166144200627,5,AAAA
15.1515151515152,1,AAAA
2.29007633587786,4,AAAA
1.78571428571429,4,AAAA
3.84615384615385,3,AAAA
7.2463768115942,1,AAAA
-5.37634408602151,5,AAAA
0,4,AAAA
1.78571428571429,4,AAAA
15.2671755725191,1,AAAA
1.49253731343284,4,AAAA
3,4,AAAA
-3.03030303030303,5,AAAA
5.35714285714286,3,AAAA
3.125,7,AAAA
8.24742268041237,1,AAAA
8.33333333333333,1,AAAA
0.91743119266055,4,AAAA
-1.01010101010101,5,AAAA
13.0718954248366,1,AAAA
3.09278350515464,3,AAAA
-2.94117647058823,5,AAAA
-3.09278350515464,5,AAAA
8.33333333333333,1,AAAA
6.97674418604651,3,AAAA
1.65289256198347,4,AAAA
8.51063829787234,1,AAAA
1.63934426229508,4,AAAA
12.9032258064516,1,AAAA
-1,5,AAAA
3.33333333333333,3,AAAA
3.03030303030303,4,AAAA
3.96825396825397,4,AAAA
5.88235294117647,1,AAAA
0.87719298245614,4,AAAA
5.63380281690141,1,AAAA
5.71428571428571,1,AAAA
1.61290322580645,4,AAAA
0.943396226415094,4,AAAA
2.67857142857143,4,AAAA
3.75,3,AAAA
0.952380952380952,4,AAAA
-3.15789473684211,5,AAAA
-3.125,5,AAAA
0.91743119266055,4,AAAA
5.20833333333333,3,AAAA
3.6697247706422,4,AAAA
4.67289719626168,3,AAAA
3.27868852459016,4,AAAA
1.72413793103448,4,AAAA
8.33333333333333,1,AAAA
1.65289256198347,4,AAAA
0,4,AAAA
4,4,AAAA
8.16326530612245,1,AAAA
3.6697247706422,3,AAAA
5.71428571428571,1,AAAA
-0.606060606060606,6,AAAA
0.833333333333333,4,AAAA
4.27350427350427,3,AAAA
3.6697247706422,3,AAAA
8.33333333333333,1,AAAA
1.08695652173913,3,AAAA
2.77777777777778,4,AAAA
4.58715596330275,3,AAAA
1.61290322580645,4,AAAA
-3,5,AAAA
9.44881889763779,1,AAAA
0.952380952380952,4,AAAA
1.66666666666667,4,AAAA
6.06060606060606,1,AAAA
-2.80373831775701,5,AAAA
4.54545454545455,3,AAAA
-2.75229357798165,5,AAAA
0.884955752212389,4,AAAA
3.6144578313253,3,AAAA
4.42477876106195,3,AAAA
9.44881889763779,1,AAAA
1.65289256198347,4,AAAA
0.99009900990099,4,AAAA
2.80373831775701,3,AAAA
1.02040816326531,4,AAAA
18.3206106870229,1,AAAA
0,4,AAAA
0.826446280991735,4,AAAA
3.44827586206897,3,AAAA
9.6,1,AAAA
0.980392156862745,4,AAAA
1.12359550561798,3,AAAA
2.7027027027027,4,AAAA
5.63380281690141,1,AAAA
0.813008130081301,4,AAAA
-1.6260162601626,5,AAAA
8.08080808080808,1,AAAA
0.87719298245614,4,AAAA
4.3859649122807,3,AAAA
1.05263157894737,5,AAAA
0.87719298245614,4,AAAA
15.1515151515152,1,AAAA
-2.36220472440945,7,AAAA
3.44827586206897,4,AAAA
4.8,3,AAAA
1.55038759689923,4,AAAA
-0.961538461538462,5,AAAA
1.72413793103448,4,AAAA
0.970873786407767,4,AAAA
5.55555555555556,1,AAAA
3.06122448979592,4,AAAA
3.44827586206897,3,AAAA
3.05343511450382,4,AAAA
2.27272727272727,4,AAAA
0,4,AAAA
5.06329113924051,2,AAAA
10.6382978723404,1,AAAA
1.13636363636364,3,AAAA
-3.2258064516129,5,AAAA
8,1,AAAA
8.69565217391304,1,AAAA
0.943396226415094,4,AAAA
3.2967032967033,4,AAAA
1.58730158730159,4,AAAA
-8.29015544041451,6,AAAA
-2.88461538461538,5,AAAA
1.78571428571429,4,AAAA
-2.94117647058823,5,AAAA
7.92079207920792,1,AAAA
3.2258064516129,4,AAAA
10,1,AAAA
1.98019801980198,3,AAAA
8.42105263157895,1,AAAA
0.99009900990099,4,AAAA
3.57142857142857,3,AAAA
4.76190476190476,3,AAAA
-3.06122448979592,5,AAAA
-3.03030303030303,5,AAAA
3.92156862745098,3,AAAA
1.51515151515152,4,AAAA
9.03614457831325,1,AAAA
3.57142857142857,3,AAAA
1.08695652173913,4,AAAA
10.5263157894737,1,AAAA
3.44827586206897,3,AAAA
1.02040816326531,4,AAAA
0.99009900990099,4,AAAA
-3,5,AAAA
9.91735537190083,1,AAAA
1.0752688172043,4,AAAA
2.58620689655172,4,AAAA
-2.97029702970297,5,AAAA
12.9032258064516,1,AAAA
2.47933884297521,4,AAAA
0.943396226415094,4,AAAA
1.66666666666667,4,AAAA
4.58015267175573,3,AAAA
1.03092783505155,4,AAAA
2.67857142857143,4,AAAA
6.25,3,AAAA
-2.04081632653061,5,AAAA
-2.94117647058823,5,AAAA
-2.94117647058823,5,AAAA
-5.17241379310345,5,AAAA
5.74712643678161,3,AAAA
0.909090909090909,4,AAAA
6.09756097560976,3,AAAA
1.02040816326531,5,AAAA
-3.30578512396694,5,AAAA
1.69491525423729,4,AAAA
6.06060606060606,1,AAAA
9.52380952380952,1,AAAA
8,1,AAAA
9.44881889763779,1,AAAA
1.76991150442478,4,AAAA
4.12371134020619,3,AAAA
-2.97029702970297,5,AAAA
1,4,AAAA
0.934579439252336,4,AAAA
-3.06122448979592,5,AAAA
3.6697247706422,3,AAAA
7.84313725490196,1,AAAA
1.49253731343284,4,AAAA
2.27272727272727,4,AAAA
2.27272727272727,4,AAAA
-0.980392156862745,5,AAAA
5.93220338983051,3,AAAA
1.8018018018018,4,AAAA
-8.87096774193548,6,AAAA
8.69565217391304,2,AAAA
5.97014925373134,1,AAAA
6.25,1,AAAA
2.38095238095238,4,AAAA
0.934579439252336,4,AAAA
4.71698113207547,3,AAAA
4.95049504950495,4,AAAA
12.2448979591837,1,AAAA
1.02040816326531,4,AAAA
1.5748031496063,4,AAAA
2.9126213592233,4,AAAA
8.42105263157895,1,AAAA
6.41025641025641,3,AAAA
2.29007633587786,4,AAAA
0.952380952380952,4,AAAA
0.934579439252336,4,AAAA
2.80373831775701,4,AAAA
9.6,1,AAAA
2,3,AAAA
-1.98019801980198,6,AAAA
-3.52941176470588,5,AAAA
0,4,AAAA
0.909090909090909,4,AAAA
1.5625,4,AAAA
8.60215053763441,1,AAAA
8.33333333333333,1,AAAA
9.67741935483871,1,AAAA
1.66666666666667,4,AAAA
-0.892857142857143,4,AAAA
-1.63265306122449,7,AAAA
0,4,AAAA
1.58730158730159,4,AAAA
-3.09278350515464,5,AAAA
1.05263157894737,3,AAAA
10.0840336134454,1,AAAA
10.5263157894737,1,AAAA
7.92079207920792,1,AAAA
4.51127819548872,3,AAAA
0.862068965517241,4,AAAA
8.42105263157895,1,AAAA
2.10526315789474,4,AAAA
10.752688172043,1,AAAA
4.65116279069768,3,AAAA
2.88461538461538,4,AAAA
0.970873786407767,4,AAAA
5.94059405940594,3,AAAA
5.79710144927536,1,AAAA
-3.03030303030303,5,AAAA
8.51063829787234,1,AAAA
3.88349514563107,3,AAAA
2.24719101123596,3,AAAA
-2.94117647058823,5,AAAA
3.2967032967033,3,AAAA
2.7027027027027,4,AAAA
13.0434782608696,1,AAAA
5.71428571428571,1,AAAA
8.33333333333333,1,AAAA
4.54545454545455,3,AAAA
2.97029702970297,3,AAAA
-1.02040816326531,5,AAAA
4.54545454545455,3,AAAA
1.61290322580645,4,AAAA
0.952380952380952,4,AAAA
1.76991150442478,4,AAAA
0.833333333333333,4,AAAA
-3.09278350515464,5,AAAA
4.76190476190476,3,AAAA
-0.900900900900901,5,AAAA
12.3711340206186,1,AAAA
-1.70940170940171,6,AAAA
1.6,4,AAAA
4.76190476190476,3,AAAA
0.980392156862745,4,AAAA
0.934579439252336,4,AAAA
8.51063829787234,1,AAAA
2.67857142857143,4,AAAA
6.19469026548673,3,AAAA
3.40909090909091,3,AAAA
3.80952380952381,4,AAAA
1.03092783505155,4,AAAA
9.6,1,AAAA
3.65853658536585,3,AAAA
1.75438596491228,4,AAAA
5.71428571428571,1,AAAA
9.00900900900901,3,AAAA
0.99009900990099,4,AAAA
0.869565217391304,4,AAAA
0,4,AAAA
1.63934426229508,4,AAAA
2.4390243902439,4,AAAA
8.24742268041237,1,AAAA
8.42105263157895,1,AAAA
-3.17460317460317,5,AAAA
0.862068965517241,4,AAAA
-3.06122448979592,5,AAAA
3.37078651685393,3,AAAA
9.16030534351145,1,AAAA
3.19148936170213,3,AAAA
-2.97029702970297,5,AAAA
4.12371134020619,3,AAAA
0.952380952380952,4,AAAA
-2.77777777777778,5,AAAA
8.24742268041237,1,AAAA
7.76699029126214,1,AAAA
8,1,AAAA
0.884955752212389,4,AAAA
0.952380952380952,4,AAAA
0.854700854700855,4,AAAA
9.83606557377049,1,AAAA
4.59770114942529,3,AAAA
-5.15463917525773,5,AAAA
8.60215053763441,1,AAAA
0.961538461538462,4,AAAA
0.884955752212389,4,AAAA
3.96039603960396,3,AAAA
8.98876404494382,3,CNAME
-2.06185567010309,5,CNAME
4.65116279069768,3,CNAME
4.93827160493827,3,CNAME
2.63157894736842,4,CNAME
1.04166666666667,4,CNAME
1.01010101010101,4,CNAME
4.70588235294118,3,CNAME
-1.94174757281553,5,CNAME
8,3,CNAME
2.7027027027027,4,CNAME
2.67857142857143,4,CNAME
1.96078431372549,4,CNAME
4.71698113207547,3,CNAME
2.25563909774436,4,CNAME
1.86915887850467,4,CNAME
4.34782608695652,4,CNAME
2.4390243902439,4,CNAME
2.08333333333333,4,CNAME
2.5,4,CNAME
2.22222222222222,4,CNAME
3.41880341880342,4,CNAME
2.04081632653061,4,CNAME
5.78512396694215,3,CNAME
2.97029702970297,4,CNAME
5.88235294117647,4,CNAME
1.0752688172043,4,CNAME
5.88235294117647,4,CNAME
4.3956043956044,4,CNAME
8.60215053763441,3,CNAME
1.70940170940171,4,CNAME
2.22222222222222,4,CNAME
1.01010101010101,4,CNAME
5.49450549450549,3,CNAME
6.81818181818182,3,CNAME
3.73831775700935,3,CNAME
6.86274509803922,4,CNAME
0.970873786407767,4,CNAME
2.34375,4,CNAME
8.04597701149425,2,CNAME
-1.90476190476191,5,CNAME
-1.92307692307692,5,CNAME
1.90476190476191,4,CNAME
-2.17391304347826,5,CNAME
6.12244897959184,3,CNAME
4.34782608695652,3,CNAME
1.8348623853211,4,CNAME
4.71698113207547,3,CNAME
1.78571428571429,4,CNAME
6.89655172413793,3,CNAME
0,5,CNAME
2.65486725663717,4,CNAME
7.92079207920792,3,CNAME
4.90196078431373,3,CNAME
2.80373831775701,4,CNAME
-2.02020202020202,5,CNAME
1.86915887850467,4,CNAME
3.125,4,CNAME
3.33333333333333,3,CNAME
-2.27272727272727,5,CNAME
6.09756097560976,3,CNAME
-1,5,CNAME
-2,5,CNAME
1.86915887850467,4,CNAME
-1.86915887850467,5,CNAME
-1.98019801980198,5,CNAME
4.16666666666667,4,CNAME
2.5,4,CNAME
2.67857142857143,4,CNAME
5.94059405940594,4,CNAME
-1.90476190476191,5,CNAME
0.892857142857143,4,CNAME
2.30769230769231,4,CNAME
1.8348623853211,4,CNAME
3.84615384615385,4,CNAME
3.33333333333333,3,CNAME
-1,5,CNAME
-2.02020202020202,5,CNAME
-2,5,CNAME
4.80769230769231,3,CNAME
5.94059405940594,4,CNAME
1.78571428571429,4,CNAME
1.73913043478261,4,CNAME
3.6697247706422,4,CNAME
6.73076923076923,3,CNAME
2.65486725663717,4,CNAME
2.4,4,CNAME
5.31914893617021,3,CNAME
2.38095238095238,4,CNAME
2.47933884297521,4,CNAME
1.85185185185185,4,CNAME
4.16666666666667,4,CNAME
4.34782608695652,3,CNAME
1.0752688172043,4,CNAME
1.90476190476191,4,CNAME
-2.04081632653061,5,CNAME
4.04040404040404,4,CNAME
0,4,CNAME
4.34782608695652,3,CNAME
0.847457627118644,4,CNAME
2.4390243902439,4,CNAME
8.33333333333333,2,CNAME
5.31914893617021,3,CNAME
2.36220472440945,4,CNAME
4.95049504950495,3,CNAME
1.85185185185185,4,CNAME
2.17391304347826,4,CNAME
-1.86915887850467,5,CNAME
-2.02020202020202,5,CNAME
6.41025641025641,2,CNAME
-1.96078431372549,5,CNAME
4.87804878048781,4,CNAME
0.980392156862745,4,CNAME
4.54545454545455,3,CNAME
3.15789473684211,4,CNAME
5.88235294117647,4,CNAME
0,5,CNAME
3.57142857142857,3,CNAME
6.12244897959184,4,CNAME
2.10526315789474,4,CNAME
1.11111111111111,4,CNAME
2.38095238095238,4,CNAME
-2.06185567010309,5,CNAME
4.95867768595041,4,CNAME
4.54545454545455,4,CNAME
2.5,4,CNAME
-1,5,CNAME
1.19047619047619,3,CNAME
-1.90476190476191,5,CNAME
6.12244897959184,4,CNAME
2.38095238095238,3,CNAME
2.7027027027027,4,CNAME
4.54545454545455,3,CNAME
9.34579439252336,3,CNAME
5.94059405940594,4,CNAME
1.68067226890756,4,CNAME
-2.12765957446808,5,CNAME
1.8348623853211,4,CNAME
-2.08333333333333,5,CNAME
4.44444444444444,3,CNAME
6.12244897959184,4,CNAME
-1.94174757281553,5,CNAME
4.76190476190476,3,CNAME
-2,5,CNAME
2.47933884297521,4,CNAME
2.45901639344262,4,CNAME
2.54237288135593,4,CNAME
5.42635658914729,3,CNAME
1.76991150442478,4,CNAME
6.12244897959184,4,CNAME
-2.04081632653061,5,CNAME
0.892857142857143,4,CNAME
3.30578512396694,4,CNAME
2,4,CNAME
3.03030303030303,4,CNAME
3.96825396825397,4,CNAME
4.59770114942529,3,CNAME
3.07692307692308,3,CNAME
4.59770114942529,3,CNAME
1.8348623853211,4,CNAME
-1.73913043478261,5,CNAME
5.6,3,CNAME
5.38461538461539,3,CNAME
1.8348623853211,4,CNAME
3.80952380952381,4,CNAME
1.02040816326531,4,CNAME
2.20588235294118,4,CNAME
8,2,CNAME
2.88461538461538,4,CNAME
5.26315789473684,3,CNAME
2.24719101123596,3,CNAME
8.43373493975904,2,CNAME
5.35714285714286,3,CNAME
2.80373831775701,4,CNAME
4.3956043956044,3,CNAME
-2,5,CNAME
5.73770491803279,3,CNAME
-1.8348623853211,5,CNAME
5.88235294117647,4,CNAME
0.943396226415094,4,CNAME
-1.90476190476191,5,CNAME
2.47933884297521,4,CNAME
2.1978021978022,3,CNAME
2.45901639344262,4,CNAME
2.22222222222222,3,CNAME
2,4,CNAME
6.12244897959184,4,CNAME
0.99009900990099,4,CNAME
1.8348623853211,4,CNAME
4.3956043956044,3,CNAME
6.36363636363636,3,CNAME
6.66666666666667,3,CNAME
2.45901639344262,4,CNAME
4.54545454545455,4,CNAME
-2,5,CNAME
5.71428571428571,3,CNAME
1.94174757281553,4,CNAME
4.65116279069768,3,CNAME
6.97674418604651,3,CNAME
4.62962962962963,4,CNAME
0.925925925925926,4,CNAME
-2.04081632653061,5,CNAME
2.67857142857143,4,CNAME
2.17391304347826,3,CNAME
-2,5,CNAME
6.66666666666667,3,CNAME
2.22222222222222,4,CNAME
2.47933884297521,4,CNAME
-2,5,CNAME
1.98019801980198,5,CNAME
4.59770114942529,3,CNAME
5.26315789473684,3,CNAME
-1.98019801980198,5,CNAME
2.06185567010309,4,CNAME
4.0650406504065,4,CNAME
1.8348623853211,4,CNAME
3.33333333333333,4,CNAME
2,4,CNAME
0.91743119266055,4,CNAME
1.08695652173913,4,CNAME
5.10204081632653,3,CNAME
0.961538461538462,4,CNAME
1.94174757281553,4,CNAME
1.92307692307692,4,CNAME
5.5045871559633,3,CNAME
4.13223140495868,4,CNAME
-2.04081632653061,5,CNAME
3.7037037037037,4,CNAME
3.44827586206897,4,CNAME
5.88235294117647,4,CNAME
2.52100840336134,4,CNAME
3.93700787401575,3,CNAME
4.0650406504065,3,CNAME
2.34375,4,CNAME
0.934579439252336,4,CNAME
5.8252427184466,3,CNAME
-1.98019801980198,5,CNAME
2.60869565217391,3,CNAME
6.73076923076923,3,CNAME
-2.04081632653061,5,CNAME
1.69491525423729,4,CNAME
0.943396226415094,4,CNAME
0.840336134453782,4,CNAME
-1.92307692307692,5,CNAME
0.840336134453782,4,CNAME
4.95049504950495,3,CNAME
2.7972027972028,4,CNAME
2.89855072463768,4,CNAME
0.970873786407767,4,CNAME
4.95049504950495,3,CNAME
2.52100840336134,4,CNAME
3.77358490566038,3,CNAME
-4.16666666666667,5,CNAME
5.15463917525773,3,CNAME
1.98019801980198,4,CNAME
4.59770114942529,3,CNAME
4.83870967741936,4,CNAME
4.80769230769231,3,CNAME
5.46875,3,CNAME
2.7027027027027,4,CNAME
6.12244897959184,4,CNAME
0.892857142857143,4,CNAME
6.42201834862385,3,CNAME
-2.02020202020202,5,CNAME
4.0983606557377,4,CNAME
1.90476190476191,4,CNAME
3.53982300884956,4,CNAME
-1.06382978723404,5,CNAME
-0.826446280991735,5,CNAME
6.59340659340659,3,CNAME
5.88235294117647,4,CNAME
5.88235294117647,4,CNAME
2.47933884297521,4,CNAME
2.4,4,CNAME
1.86915887850467,4,CNAME
-1.96078431372549,5,CNAME
6.12244897959184,4,CNAME
2.06185567010309,4,CNAME
4.3956043956044,3,CNAME
-2.06185567010309,5,CNAME
0,4,CNAME
0.961538461538462,4,CNAME
1.03092783505155,4,CNAME
4.21052631578947,3,CNAME
1.72413793103448,4,CNAME
-1.86915887850467,5,CNAME
5.73770491803279,3,CNAME
5.17241379310345,3,CNAME
2.67857142857143,4,CNAME
-1.75438596491228,5,CNAME
0.943396226415094,4,CNAME
1.86915887850467,4,CNAME
5.26315789473684,3,CNAME
2.1505376344086,3,CNAME
5.61797752808989,3,CNAME
-2.22222222222222,5,CNAME
3.30578512396694,4,CNAME
0.970873786407767,4,CNAME
1.76991150442478,4,CNAME
0.847457627118644,4,CNAME
5.20833333333333,3,CNAME
4.16666666666667,4,CNAME
3.6697247706422,4,CNAME
2.63157894736842,4,CNAME
4.3956043956044,3,CNAME
-0.943396226415094,5,CNAME
1.85185185185185,4,CNAME
5.74712643678161,2,CNAME
2.56410256410256,4,CNAME
1.98019801980198,4,CNAME
4.76190476190476,3,CNAME
-1.92307692307692,5,CNAME
1.65289256198347,4,CNAME
4.90196078431373,3,CNAME
-1.88679245283019,5,CNAME
3.1496062992126,3,CNAME
3.96039603960396,4,CNAME
1.76991150442478,4,CNAME
-2,5,CNAME
-2.10526315789474,5,CNAME
3.73831775700935,4,CNAME
3.53982300884956,3,CNAME
-2.02020202020202,5,CNAME
5.94059405940594,4,CNAME
-1.86915887850467,5,CNAME
2.36220472440945,4,CNAME
-2.06185567010309,5,CNAME
6.12244897959184,4,CNAME
4.76190476190476,3,CNAME
4.44444444444444,3,CNAME
2.34375,4,CNAME
4.87804878048781,3,CNAME
5.26315789473684,3,CNAME
4.54545454545455,3,CNAME
0.833333333333333,4,CNAME
1.73913043478261,4,CNAME
2.29885057471264,3,CNAME
4.30107526881721,3,CNAME
3.27868852459016,4,CNAME
5.94059405940594,4,CNAME
4.58715596330275,4,CNAME
5.76923076923077,3,CNAME
-4.16666666666667,5,CNAME
2.5,4,CNAME
1.94174757281553,4,CNAME
1.04166666666667,4,CNAME
3.50877192982456,4,CNAME
1.90476190476191,4,CNAME
8.51063829787234,3,CNAME
2.41935483870968,4,CNAME
2.32558139534884,4,CNAME
5.71428571428571,4,CNAME
2.4,4,CNAME
3.77358490566038,3,CNAME
0.925925925925926,4,CNAME
2.60869565217391,4,CNAME
7.40740740740741,4,CNAME
0,5,CNAME
2.41935483870968,4,CNAME
2.04081632653061,4,CNAME
-1.98019801980198,5,CNAME
4.46428571428571,3,CNAME
4.3956043956044,3,CNAME
5.6,3,CNAME
2.41935483870968,4,CNAME
5.88235294117647,4,CNAME
0,4,CNAME
3.05343511450382,4,CNAME
2.4390243902439,4,CNAME
2.45901639344262,4,CNAME
4.25531914893617,3,CNAME
1.78571428571429,4,CNAME
2.67857142857143,4,CNAME
3.53982300884956,4,CNAME
4.76190476190476,4,CNAME
1.96078431372549,4,CNAME
1.96078431372549,4,CNAME
2.23880597014925,4,CNAME
2.27272727272727,4,CNAME
2.47933884297521,4,CNAME
-2,5,CNAME
-2.02020202020202,5,CNAME
4.59770114942529,3,CNAME
4.70588235294118,3,CNAME
4.42477876106195,4,CNAME
1.88679245283019,4,CNAME
2.54237288135593,4,CNAME
8.92857142857143,4,CNAME
2.85714285714286,3,CNAME
-2.08333333333333,5,CNAME
5.88235294117647,4,CNAME
-1.88679245283019,5,CNAME
10.6666666666667,2,CNAME
-1,5,CNAME
1.94174757281553,4,CNAME
8.45070422535211,2,CNAME
-1.98019801980198,5,CNAME
-2.06185567010309,5,CNAME
-0.909090909090909,5,CNAME
2.4390243902439,4,CNAME
5.55555555555556,3,CNAME
2.29007633587786,4,CNAME
1.69491525423729,4,CNAME
2.4390243902439,4,CNAME
2.36220472440945,4,CNAME
1.94174757281553,4,CNAME
6.93069306930693,3,CNAME
-1.98019801980198,5,CNAME
-1.96078431372549,5,CNAME
4.49438202247191,3,CNAME
2.45901639344262,4,CNAME
5.42635658914729,3,CNAME
1.81818181818182,4,CNAME
0.847457627118644,4,CNAME
0.925925925925926,4,CNAME
3.63636363636364,3,CNAME
2.41935483870968,4,CNAME
-0.793650793650794,5,CNAME
5.78512396694215,3,CNAME
0.806451612903226,4,CNAME
-2.04081632653061,5,CNAME
1.76991150442478,4,CNAME
4.54545454545455,3,CNAME
-1.90476190476191,5,CNAME
5.04201680672269,3,CNAME
8.82352941176471,2,CNAME
-1.94174757281553,5,CNAME
1.94174757281553,3,CNAME
0.819672131147541,4,CNAME
4.85436893203883,3,CNAME
3.44827586206897,3,CNAME
1.16279069767442,3,CNAME
2.77777777777778,4,CNAME
0.980392156862745,4,CNAME
2.17391304347826,4,CNAME
4.59770114942529,3,CNAME
2.08333333333333,4,CNAME
-3.73831775700935,4,CNAME
1.96078431372549,4,CNAME
-1.98019801980198,5,CNAME
3.92156862745098,4,CNAME
-2.04081632653061,5,CNAME
3.88349514563107,4,CNAME
5.88235294117647,4,CNAME
1.23456790123457,3,CNAME
3.77358490566038,3,CNAME
-2.10526315789474,5,CNAME
2.45901639344262,4,CNAME
-2.04081632653061,5,CNAME
9.80392156862745,3,CNAME
1.81818181818182,4,CNAME
5.26315789473684,3,CNAME
2.45901639344262,4,CNAME
4.76190476190476,3,CNAME
0.91743119266055,4,CNAME
2.24719101123596,3,CNAME
1.94174757281553,4,CNAME
7.76699029126214,3,CNAME
0.847457627118644,4,CNAME
2.41935483870968,4,CNAME
0,4,CNAME
5.40540540540541,3,CNAME
6.09756097560976,2,CNAME
3.92156862745098,3,CNAME
1.98019801980198,4,CNAME
5.46875,3,CNAME
-4,5,CNAME
6.42201834862385,3,CNAME
5.26315789473684,3,CNAME
0,4,CNAME
1.11111111111111,4,CNAME
2.02020202020202,4,CNAME
4.49438202247191,3,CNAME
0,5,CNAME
0.934579439252336,4,CNAME
2.4390243902439,4,CNAME
1.94174757281553,4,CNAME
5.55555555555556,3,CNAME
5.88235294117647,4,CNAME
1.70940170940171,4,CNAME
-2.08333333333333,5,CNAME
2.52100840336134,4,CNAME
6.74157303370787,3,CNAME
2.47933884297521,4,CNAME
1.81818181818182,4,CNAME
2.4,4,CNAME
2.32558139534884,4,CNAME
2.22222222222222,3,CNAME
0,4,CNAME
2.02020202020202,4,CNAME
2.06185567010309,4,CNAME
2.52100840336134,4,CNAME
2.12765957446808,4,CNAME
0.934579439252336,4,CNAME
2.24719101123596,4,CNAME
-1.94174757281553,5,CNAME
5.66037735849057,3,CNAME
2.4390243902439,4,CNAME
2.4390243902439,4,CNAME
5.20833333333333,3,CNAME
4.58715596330275,3,CNAME
0.819672131147541,4,CNAME
2.9126213592233,4,CNAME
7.14285714285714,3,CNAME
-1.17647058823529,5,CNAME
2.41935483870968,4,CNAME
-2.04081632653061,5,CNAME
2.38095238095238,4,CNAME
-3.7037037037037,5,CNAME
-2.02020202020202,5,CNAME
2.4,4,CNAME
-1.96078431372549,5,CNAME
1.81818181818182,4,CNAME
0.862068965517241,4,CNAME
7.95454545454545,2,CNAME
3.47826086956522,4,CNAME
2.7027027027027,4,CNAME
-3.03030303030303,5,CNAME
2.02020202020202,4,CNAME
-1.94174757281553,5,CNAME
4.71698113207547,3,CNAME
9.16666666666667,3,CNAME
8.82352941176471,2,CNAME
6.06060606060606,3,CNAME
5.94059405940594,4,CNAME
10.1449275362319,2,CNAME
3.7037037037037,4,CNAME
1.86915887850467,4,CNAME
3.2,4,CNAME
0.900900900900901,4,CNAME
5.69105691056911,3,CNAME
4,4,CNAME
2.4390243902439,4,CNAME
1.68067226890756,4,CNAME
0,5,CNAME
4.65116279069768,3,CNAME
-2.02020202020202,5,CNAME
2.56410256410256,4,CNAME
1.92307692307692,4,CNAME
0,4,CNAME
2.67857142857143,4,CNAME
2.30769230769231,4,CNAME
0.869565217391304,4,CNAME
6.81818181818182,3,CNAME
5.15463917525773,3,CNAME
5.04201680672269,4,CNAME
2,4,CNAME
2.47933884297521,4,CNAME
4.70588235294118,3,CNAME
2.35294117647059,3,CNAME
3.88349514563107,4,CNAME
2.85714285714286,3,CNAME
5.20833333333333,2,CNAME
2.83018867924528,4,CNAME
1.92307692307692,4,CNAME
1.70940170940171,4,CNAME
3.77358490566038,4,CNAME
1.70940170940171,4,CNAME
4.62962962962963,3,CNAME
0.869565217391304,4,CNAME
0.91743119266055,4,CNAME
1.75438596491228,4,CNAME
1.08695652173913,4,CNAME
2.63157894736842,4,CNAME
5.81395348837209,3,CNAME
5.26315789473684,4,CNAME
1.70940170940171,4,CNAME
2.36220472440945,4,CNAME
6.66666666666667,2,CNAME
1.86915887850467,4,CNAME
6.12244897959184,4,CNAME
1.72413793103448,4,CNAME
1.06382978723404,4,CNAME
-0.909090909090909,5,CNAME
5.5045871559633,3,CNAME
1.92307692307692,4,CNAME
8.33333333333333,2,CNAME
-1.92307692307692,5,CNAME
3.77358490566038,4,CNAME
-1.96078431372549,5,CNAME
1.81818181818182,4,CNAME
1.68067226890756,4,CNAME
5.55555555555556,3,CNAME
-2.29885057471264,5,CNAME
0,4,CNAME
-1.96078431372549,5,CNAME
8.06451612903226,3,CNAME
4.67289719626168,3,CNAME
1.98019801980198,4,CNAME
2.36220472440945,4,CNAME
5.69105691056911,3,CNAME
-1.86915887850467,5,CNAME
2.47933884297521,4,CNAME
2.35294117647059,3,CNAME
1.69491525423729,4,CNAME
1.81818181818182,4,CNAME
3.77358490566038,4,CNAME
2.45901639344262,4,CNAME
5.95238095238095,2,CNAME
0,5,CNAME
1.90476190476191,3,CNAME
3.03030303030303,4,CNAME
3.7037037037037,4,CNAME
6.12244897959184,4,CNAME
-2.02020202020202,5,CNAME
8.33333333333333,3,CNAME
1.8018018018018,4,CNAME
1.65289256198347,4,CNAME
1.75438596491228,4,CNAME
3.33333333333333,3,CNAME
-2.06185567010309,5,CNAME
1.8018018018018,4,CNAME
-2.08333333333333,5,CNAME
0.813008130081301,4,CNAME
-2.06185567010309,5,CNAME
6.48148148148148,4,CNAME
3.17460317460317,3,CNAME
-12.4390243902439,6,CNAME
2.63157894736842,4,CNAME
4.30107526881721,3,CNAME
-2.12765957446808,5,CNAME
4.49438202247191,3,CNAME
-0.925925925925926,6,CNAME
-0.833333333333333,4,CNAME
2.4390243902439,4,CNAME
4.31034482758621,4,CNAME
5.64516129032258,3,CNAME
-2.08333333333333,5,CNAME
-1.94174757281553,5,CNAME
2,4,CNAME
2.73972602739726,3,CNAME
1.65289256198347,4,CNAME
1.96078431372549,4,CNAME
1.94174757281553,4,CNAME
4.49438202247191,3,CNAME
1.02040816326531,4,CNAME
4.91803278688525,4,CNAME
2.7027027027027,4,CNAME
2.63157894736842,4,CNAME
2.02020202020202,4,CNAME
2.54237288135593,4,CNAME
1.96078431372549,4,CNAME
-1.96078431372549,5,CNAME
4.3956043956044,3,CNAME
-1.94174757281553,5,CNAME
5.15463917525773,3,CNAME
3.47826086956522,4,CNAME
-2.10526315789474,5,CNAME
1.90476190476191,4,CNAME
1.86915887850467,4,CNAME
4.90196078431373,3,CNAME
1.04166666666667,4,CNAME
2.45901639344262,4,CNAME
2.32558139534884,4,CNAME
3.10077519379845,4,CNAME
1.76991150442478,4,CNAME
2.72727272727273,4,CNAME
0.961538461538462,4,CNAME
1.16279069767442,3,CNAME
1.04166666666667,4,CNAME
2.38095238095238,4,CNAME
0,5,CNAME
2.06185567010309,4,CNAME
-2.02020202020202,5,CNAME
4.16666666666667,4,CNAME
7.69230769230769,2,CNAME
0,4,CNAME
1.88679245283019,4,CNAME
-2.02020202020202,5,CNAME
-1.98019801980198,5,CNAME
-1.88679245283019,5,CNAME
2.02020202020202,4,CNAME
1.92307692307692,4,CNAME
-2.02020202020202,5,CNAME
1.8348623853211,4,CNAME
2.83018867924528,4,CNAME
3.93700787401575,4,CNAME
-0.91743119266055,5,CNAME
2.5,4,CNAME
-2.06185567010309,5,CNAME
1.94174757281553,4,CNAME
1.58730158730159,4,CNAME
2.38095238095238,4,CNAME
-1.98019801980198,5,CNAME
4.21052631578947,4,CNAME
2.04081632653061,4,CNAME
3.2258064516129,4,CNAME
-2,5,CNAME
5.68181818181818,3,CNAME
0.806451612903226,4,CNAME
0.961538461538462,4,CNAME
4.0650406504065,4,CNAME
1.98019801980198,4,CNAME
6.12244897959184,4,CNAME
-2,5,CNAME
1.73913043478261,4,CNAME
0.961538461538462,4,CNAME
-2,5,CNAME
5.51181102362205,3,CNAME
5.6,3,CNAME
2.8169014084507,3,CNAME
2.47933884297521,4,CNAME
2.29007633587786,4,CNAME
2.67857142857143,4,CNAME
4.80769230769231,3,CNAME
-2.06185567010309,5,CNAME
-4.30107526881721,5,CNAME
1.08695652173913,4,CNAME
2.67857142857143,4,CNAME
-2.02020202020202,5,CNAME
2.23880597014925,4,CNAME
4,4,CNAME
-2.02020202020202,5,CNAME
6.25,3,CNAME
5.26315789473684,3,CNAME
-2,5,CNAME
-2.04081632653061,5,CNAME
1.8348623853211,4,CNAME
0,5,CNAME
2.72727272727273,4,CNAME
4.12371134020619,3,CNAME
-1.96078431372549,5,CNAME
-2.06185567010309,5,CNAME
-2.02020202020202,5,CNAME
6.97674418604651,3,CNAME
2.47933884297521,4,CNAME
2,4,CNAME
2.45901639344262,4,CNAME
1.90476190476191,4,CNAME
0,5,CNAME
4.16666666666667,3,CNAME
4.04040404040404,4,CNAME
3.96825396825397,4,CNAME
4.49438202247191,3,CNAME
1.75438596491228,4,CNAME
-1.92307692307692,5,CNAME
-2.08333333333333,5,CNAME
2.41935483870968,4,CNAME
1.88679245283019,4,CNAME
3.57142857142857,4,CNAME
5,3,CNAME
1.90476190476191,4,CNAME
-2.10526315789474,5,CNAME
-2.08333333333333,5,CNAME
1.8348623853211,4,CNAME
6.25,3,CNAME
4.58715596330275,4,CNAME
5.60747663551402,3,CNAME
3.27868852459016,4,CNAME
2.58620689655172,4,CNAME
-2.02020202020202,5,CNAME
2.47933884297521,4,CNAME
0.900900900900901,4,CNAME
5,4,CNAME
-1.98019801980198,5,CNAME
3.6697247706422,3,CNAME
5.88235294117647,4,CNAME
2.04081632653061,3,CNAME
1.66666666666667,4,CNAME
5.12820512820513,3,CNAME
4.58715596330275,3,CNAME
-1.98019801980198,5,CNAME
2.17391304347826,3,CNAME
3.7037037037037,4,CNAME
5.5045871559633,3,CNAME
2.41935483870968,4,CNAME
-2,5,CNAME
-1.94174757281553,5,CNAME
1.90476190476191,4,CNAME
2.5,4,CNAME
6.12244897959184,4,CNAME
-1.86915887850467,5,CNAME
5.45454545454545,3,CNAME
-1.8348623853211,5,CNAME
1.76991150442478,4,CNAME
4.81927710843374,3,CNAME
5.30973451327434,3,CNAME
-1.96078431372549,5,CNAME
2.47933884297521,4,CNAME
1.98019801980198,4,CNAME
3.73831775700935,3,CNAME
2.04081632653061,4,CNAME
-2.06185567010309,5,CNAME
1.02040816326531,4,CNAME
1.65289256198347,4,CNAME
4.59770114942529,3,CNAME
-1.94174757281553,5,CNAME
1.96078431372549,4,CNAME
2.24719101123596,3,CNAME
3.6036036036036,4,CNAME
5.8252427184466,4,CNAME
1.6260162601626,4,CNAME
-0.813008130081301,5,CNAME
-1.94174757281553,5,CNAME
1.75438596491228,4,CNAME
5.26315789473684,3,CNAME
2.10526315789474,5,CNAME
1.75438596491228,4,CNAME
2.54237288135593,4,CNAME
6.66666666666667,2,CNAME
4.31034482758621,4,CNAME
6.4,3,CNAME
2.32558139534884,4,CNAME
0,5,CNAME
2.58620689655172,4,CNAME
1.94174757281553,4,CNAME
5.76923076923077,4,CNAME
4.08163265306122,4,CNAME
4.59770114942529,3,CNAME
2.29007633587786,4,CNAME
2.38095238095238,4,CNAME
1.11111111111111,4,CNAME
6.32911392405063,2,CNAME
2.02020202020202,4,CNAME
2.27272727272727,3,CNAME
-2.1505376344086,5,CNAME
1.86915887850467,4,CNAME
2.83018867924528,3,CNAME
1.88679245283019,4,CNAME
4.3956043956044,4,CNAME
2.38095238095238,4,CNAME
-1.92307692307692,5,CNAME
2.67857142857143,4,CNAME
-1.96078431372549,5,CNAME
1.88679245283019,4,CNAME
4.03225806451613,4,CNAME
2.04081632653061,4,CNAME
2.97029702970297,3,CNAME
-2.06185567010309,5,CNAME
1.98019801980198,4,CNAME
4.46428571428571,3,CNAME
5.55555555555556,3,CNAME
-2.04081632653061,5,CNAME
-2.02020202020202,5,CNAME
4.90196078431373,3,CNAME
2.27272727272727,4,CNAME
-0.9,5,CNAME
4.76190476190476,3,CNAME
2.17391304347826,4,CNAME
4.12371134020619,3,CNAME
4.59770114942529,3,CNAME
2.04081632653061,4,CNAME
1.98019801980198,4,CNAME
-2,5,CNAME
2.02020202020202,4,CNAME
2.1505376344086,4,CNAME
3.44827586206897,4,CNAME
-1.98019801980198,5,CNAME
-4.44444444444444,5,CNAME
3.30578512396694,4,CNAME
1.88679245283019,4,CNAME
2.5,4,CNAME
5.34351145038168,3,CNAME
2.06185567010309,4,CNAME
3.57142857142857,4,CNAME
2.94117647058823,3,CNAME
-2.04081632653061,5,CNAME
-1.96078431372549,5,CNAME
-1.96078431372549,5,CNAME
-4.31034482758621,5,CNAME
6.89655172413793,3,CNAME
1.81818181818182,4,CNAME
7.31707317073171,3,CNAME
-2.04081632653061,5,CNAME
-2.47933884297521,5,CNAME
2.54237288135593,4,CNAME
6.12244897959184,4,CNAME
-2,5,CNAME
-1.85185185185185,5,CNAME
1.90476190476191,4,CNAME
2.65486725663717,4,CNAME
4.12371134020619,3,CNAME
-1.98019801980198,5,CNAME
2,4,CNAME
1.86915887850467,4,CNAME
-2.04081632653061,5,CNAME
4.58715596330275,3,CNAME
-1.90476190476191,5,CNAME
2.23880597014925,4,CNAME
2.27272727272727,4,CNAME
2.38095238095238,4,CNAME
0,4,CNAME
6.77966101694915,3,CNAME
2.7027027027027,4,CNAME
10.7142857142857,2,CNAME
6.09756097560976,2,CNAME
2.24719101123596,3,CNAME
2.85714285714286,3,CNAME
2.38095238095238,4,CNAME
1.86915887850467,4,CNAME
4.71698113207547,3,CNAME
5.94059405940594,4,CNAME
8.51063829787234,3,CNAME
2.04081632653061,4,CNAME
2.36220472440945,4,CNAME
3.88349514563107,4,CNAME
-2.04081632653061,5,CNAME
7.69230769230769,3,CNAME
2.29007633587786,4,CNAME
1.90476190476191,4,CNAME
1.86915887850467,4,CNAME
3.73831775700935,4,CNAME
1.94174757281553,4,CNAME
3,3,CNAME
-0.99009900990099,6,CNAME
-2.35294117647059,5,CNAME
0.970873786407767,4,CNAME
1.81818181818182,4,CNAME
2.34375,4,CNAME
3.96039603960396,4,CNAME
-2.02020202020202,5,CNAME
-2.02020202020202,5,CNAME
2.5,4,CNAME
0,4,CNAME
3.80952380952381,2,CNAME
0.909090909090909,4,CNAME
2.38095238095238,4,CNAME
-2.06185567010309,5,CNAME
2.10526315789474,3,CNAME
2.02020202020202,4,CNAME
1.92307692307692,4,CNAME
-1.92307692307692,5,CNAME
5.26315789473684,3,CNAME
1.72413793103448,4,CNAME
-2.04081632653061,5,CNAME
3.15789473684211,4,CNAME
-1.88679245283019,5,CNAME
5.81395348837209,3,CNAME
3.84615384615385,4,CNAME
1.94174757281553,4,CNAME
6.93069306930693,3,CNAME
5.94059405940594,4,CNAME
-2.02020202020202,5,CNAME
2.52100840336134,4,CNAME
4.85436893203883,3,CNAME
3.37078651685393,3,CNAME
-1.96078431372549,5,CNAME
4.3956043956044,3,CNAME
3.6036036036036,4,CNAME
4.90196078431373,3,CNAME
5.88235294117647,4,CNAME
-2.02020202020202,5,CNAME
5.45454545454545,3,CNAME
3.96039603960396,3,CNAME
-0.9,5,CNAME
5.3030303030303,3,CNAME
2.41935483870968,4,CNAME
1.90476190476191,4,CNAME
2.65486725663717,4,CNAME
1.66666666666667,4,CNAME
-2.06185567010309,5,CNAME
5.55555555555556,3,CNAME
0,4,CNAME
1.81818181818182,4,CNAME
8.7719298245614,2,CNAME
2.4,4,CNAME
5.55555555555556,3,CNAME
1.96078431372549,4,CNAME
1.86915887850467,4,CNAME
2.02020202020202,4,CNAME
3.57142857142857,4,CNAME
7.07964601769912,3,CNAME
4.54545454545455,3,CNAME
3.80952380952381,4,CNAME
2.06185567010309,4,CNAME
1.94174757281553,4,CNAME
4.87804878048781,3,CNAME
2.63157894736842,4,CNAME
5.88235294117647,4,CNAME
9.90990990990991,3,CNAME
1.98019801980198,4,CNAME
1.73913043478261,4,CNAME
1.01010101010101,4,CNAME
2.45901639344262,4,CNAME
2.4390243902439,4,CNAME
1.04166666666667,4,CNAME
1.98019801980198,4,CNAME
8.33333333333333,2,CNAME
1.72413793103448,4,CNAME
-2.04081632653061,5,CNAME
4.49438202247191,3,CNAME
-1.86915887850467,5,CNAME
4.25531914893617,3,CNAME
-1.98019801980198,5,CNAME
5.15463917525773,3,CNAME
1.90476190476191,4,CNAME
-1.85185185185185,5,CNAME
-1.96078431372549,5,CNAME
-1.90476190476191,5,CNAME
1.88679245283019,4,CNAME
1.76991150442478,4,CNAME
1.90476190476191,4,CNAME
1.70940170940171,4,CNAME
2,4,CNAME
5.74712643678161,3,CNAME
-4.12371134020619,5,CNAME
0.854700854700855,4,CNAME
1.92307692307692,4,CNAME
1.76991150442478,4,CNAME
4.95049504950495,3,CNAME
-1.90476190476191,5,CNAME
8.98876404494382,3,SOA
-2.06185567010309,5,SOA
4.65116279069768,3,SOA
4.93827160493827,3,SOA
2.63157894736842,4,SOA
1.04166666666667,4,SOA
1.01010101010101,4,SOA
4.70588235294118,3,SOA
-1.94174757281553,5,SOA
7,3,SOA
2.7027027027027,4,SOA
2.67857142857143,4,SOA
1.96078431372549,4,SOA
4.71698113207547,3,SOA
2.25563909774436,4,SOA
1.86915887850467,4,SOA
4.34782608695652,4,SOA
1.92307692307692,4,SOA
2.08333333333333,4,SOA
3.33333333333333,4,SOA
2.22222222222222,4,SOA
3.41880341880342,4,SOA
2.04081632653061,4,SOA
5.78512396694215,3,SOA
2.97029702970297,4,SOA
5.88235294117647,4,SOA
1.0752688172043,4,SOA
5.88235294117647,4,SOA
3.2967032967033,4,SOA
8.60215053763441,3,SOA
1.70940170940171,4,SOA
2.22222222222222,4,SOA
1.01010101010101,4,SOA
5.49450549450549,3,SOA
5.68181818181818,3,SOA
3.73831775700935,3,SOA
6.86274509803922,4,SOA
0.970873786407767,4,SOA
2.34375,4,SOA
8.04597701149425,2,SOA
-1.90476190476191,5,SOA
-1.92307692307692,5,SOA
1.86915887850467,4,SOA
-2.17391304347826,5,SOA
6.12244897959184,3,SOA
4.34782608695652,3,SOA
1.8348623853211,4,SOA
4.71698113207547,3,SOA
1.78571428571429,4,SOA
5.74712643678161,3,SOA
0,5,SOA
2.65486725663717,4,SOA
7.92079207920792,3,SOA
4.90196078431373,3,SOA
2.80373831775701,4,SOA
-2.02020202020202,5,SOA
1.86915887850467,4,SOA
2.08333333333333,4,SOA
3.33333333333333,3,SOA
-2.27272727272727,5,SOA
6.09756097560976,3,SOA
-1.03092783505155,5,SOA
-2,5,SOA
-4.12371134020619,5,SOA
-0.934579439252336,5,SOA
-1.98019801980198,5,SOA
0,4,SOA
2.5,4,SOA
2.67857142857143,4,SOA
5.94059405940594,4,SOA
-1.90476190476191,5,SOA
0.892857142857143,4,SOA
2.30769230769231,4,SOA
1.8348623853211,4,SOA
2.88461538461538,4,SOA
-1,5,SOA
-1,5,SOA
-2.02020202020202,5,SOA
-2,5,SOA
4.80769230769231,3,SOA
5.94059405940594,4,SOA
1.78571428571429,4,SOA
1.96078431372549,4,SOA
2.75229357798165,4,SOA
5.76923076923077,3,SOA
2.65486725663717,4,SOA
2.4,4,SOA
5.31914893617021,3,SOA
2.38095238095238,4,SOA
2.47933884297521,4,SOA
1.85185185185185,4,SOA
4.16666666666667,4,SOA
4.34782608695652,3,SOA
1.0752688172043,4,SOA
1.90476190476191,4,SOA
-2.04081632653061,5,SOA
4.04040404040404,4,SOA
0,4,SOA
4.34782608695652,3,SOA
1.85185185185185,4,SOA
2.4390243902439,4,SOA
3.09278350515464,4,SOA
5.31914893617021,3,SOA
2.36220472440945,4,SOA
4.95049504950495,3,SOA
1.85185185185185,4,SOA
2.17391304347826,4,SOA
-1.86915887850467,5,SOA
-2.02020202020202,5,SOA
2.7027027027027,4,SOA
-1.96078431372549,5,SOA
4.87804878048781,4,SOA
1.96078431372549,4,SOA
4.54545454545455,3,SOA
2.10526315789474,4,SOA
5.88235294117647,4,SOA
-1,5,SOA
3.57142857142857,3,SOA
6.12244897959184,4,SOA
2.10526315789474,4,SOA
1.11111111111111,4,SOA
2.38095238095238,4,SOA
-2.06185567010309,5,SOA
4.95867768595041,4,SOA
4.54545454545455,4,SOA
2.5,4,SOA
-2,5,SOA
2.56410256410256,4,SOA
-1.90476190476191,5,SOA
6.12244897959184,4,SOA
0.952380952380952,4,SOA
2.7027027027027,4,SOA
4.54545454545455,3,SOA
9.34579439252336,3,SOA
5.94059405940594,4,SOA
1.68067226890756,4,SOA
-2.12765957446808,5,SOA
1.8348623853211,4,SOA
-2.08333333333333,5,SOA
4.44444444444444,3,SOA
6.12244897959184,4,SOA
-1.94174757281553,5,SOA
4.76190476190476,3,SOA
-2,5,SOA
2.47933884297521,4,SOA
2.45901639344262,4,SOA
2.54237288135593,4,SOA
5.42635658914729,3,SOA
1.76991150442478,4,SOA
6.12244897959184,4,SOA
-2.04081632653061,5,SOA
0.892857142857143,4,SOA
2.47933884297521,4,SOA
2,4,SOA
8.41121495327103,3,SOA
3.96825396825397,4,SOA
4.59770114942529,3,SOA
2.94117647058823,4,SOA
4.59770114942529,3,SOA
1.8348623853211,4,SOA
-1.73913043478261,5,SOA
5.6,3,SOA
5.38461538461539,3,SOA
1.8348623853211,4,SOA
3.80952380952381,4,SOA
1.02040816326531,4,SOA
2.30769230769231,4,SOA
1.85185185185185,4,SOA
2.88461538461538,4,SOA
5.26315789473684,3,SOA
2.24719101123596,3,SOA
8.43373493975904,2,SOA
5.35714285714286,3,SOA
1.86915887850467,4,SOA
4.3956043956044,3,SOA
-2,5,SOA
5.73770491803279,3,SOA
-1.8348623853211,5,SOA
5.88235294117647,4,SOA
0.943396226415094,4,SOA
-1.90476190476191,5,SOA
2.47933884297521,4,SOA
2.1978021978022,3,SOA
2.45901639344262,4,SOA
2.22222222222222,3,SOA
2,4,SOA
6.12244897959184,4,SOA
0.99009900990099,4,SOA
1.8348623853211,4,SOA
4.3956043956044,3,SOA
6.36363636363636,3,SOA
6.66666666666667,3,SOA
2.45901639344262,4,SOA
4.54545454545455,4,SOA
-2,5,SOA
3.125,4,SOA
1.94174757281553,4,SOA
4.65116279069768,3,SOA
6.97674418604651,3,SOA
4.62962962962963,4,SOA
0.925925925925926,4,SOA
-2.04081632653061,5,SOA
2.67857142857143,4,SOA
2.17391304347826,3,SOA
-2,5,SOA
5.83333333333333,3,SOA
2.22222222222222,4,SOA
2.47933884297521,4,SOA
-2,5,SOA
-1.98019801980198,5,SOA
5.74712643678161,3,SOA
5.26315789473684,3,SOA
-1.98019801980198,5,SOA
2.06185567010309,4,SOA
4.0650406504065,4,SOA
1.8348623853211,4,SOA
3.33333333333333,4,SOA
2,4,SOA
0.91743119266055,4,SOA
1.08695652173913,4,SOA
5.10204081632653,3,SOA
0.961538461538462,4,SOA
1.94174757281553,4,SOA
1.92307692307692,4,SOA
5.5045871559633,3,SOA
4.13223140495868,4,SOA
-2.04081632653061,5,SOA
3.7037037037037,4,SOA
3.44827586206897,4,SOA
5.88235294117647,4,SOA
2.52100840336134,4,SOA
3.93700787401575,3,SOA
4.0650406504065,3,SOA
2.34375,4,SOA
0.934579439252336,4,SOA
5.8252427184466,3,SOA
-1.98019801980198,5,SOA
2.60869565217391,3,SOA
6.73076923076923,3,SOA
-2.04081632653061,5,SOA
1.69491525423729,4,SOA
0.943396226415094,4,SOA
0.840336134453782,4,SOA
-1.92307692307692,5,SOA
0.840336134453782,4,SOA
4.95049504950495,3,SOA
2.7972027972028,4,SOA
2.89855072463768,4,SOA
0.970873786407767,4,SOA
4.95049504950495,3,SOA
1.94174757281553,4,SOA
3.77358490566038,3,SOA
-4.16666666666667,5,SOA
5.15463917525773,3,SOA
1.98019801980198,4,SOA
4.59770114942529,3,SOA
4.83870967741936,4,SOA
4.80769230769231,3,SOA
5.46875,3,SOA
2.7027027027027,4,SOA
6.12244897959184,4,SOA
0.892857142857143,4,SOA
6.42201834862385,3,SOA
-2.02020202020202,5,SOA
4.0983606557377,4,SOA
1.90476190476191,4,SOA
3.53982300884956,4,SOA
-2.12765957446808,5,SOA
-0.826446280991735,5,SOA
6.59340659340659,3,SOA
5.88235294117647,4,SOA
5.88235294117647,4,SOA
2.47933884297521,4,SOA
2.4,4,SOA
1.86915887850467,4,SOA
-1.96078431372549,5,SOA
6.12244897959184,4,SOA
2.06185567010309,4,SOA
4.3956043956044,3,SOA
-2.06185567010309,5,SOA
0,4,SOA
4.30107526881721,4,SOA
1.03092783505155,4,SOA
4.21052631578947,3,SOA
1.72413793103448,4,SOA
-1.86915887850467,5,SOA
5.73770491803279,3,SOA
5.17241379310345,3,SOA
2.67857142857143,4,SOA
-1.75438596491228,5,SOA
0.943396226415094,4,SOA
1.86915887850467,4,SOA
5.26315789473684,3,SOA
2.1505376344086,3,SOA
5.61797752808989,3,SOA
-2.22222222222222,5,SOA
3.30578512396694,4,SOA
0.970873786407767,4,SOA
1.76991150442478,4,SOA
-0.847457627118644,5,SOA
5.20833333333333,3,SOA
4.16666666666667,4,SOA
3.6697247706422,4,SOA
2.63157894736842,4,SOA
4.3956043956044,3,SOA
-0.943396226415094,5,SOA
1.85185185185185,4,SOA
-0.689655172413793,7,SOA
2.56410256410256,4,SOA
1.98019801980198,4,SOA
4.76190476190476,3,SOA
-1.92307692307692,5,SOA
1.65289256198347,4,SOA
4.90196078431373,3,SOA
-1.88679245283019,5,SOA
3.1496062992126,3,SOA
2.97029702970297,4,SOA
0.884955752212389,4,SOA
-2,5,SOA
-2.10526315789474,5,SOA
3.73831775700935,4,SOA
3.53982300884956,3,SOA
-2.02020202020202,5,SOA
5.94059405940594,4,SOA
-1.86915887850467,5,SOA
2.36220472440945,4,SOA
-2.06185567010309,5,SOA
6.12244897959184,4,SOA
4.76190476190476,3,SOA
4.44444444444444,3,SOA
2.34375,4,SOA
4.87804878048781,3,SOA
5.26315789473684,3,SOA
4.54545454545455,3,SOA
0.833333333333333,4,SOA
1.73913043478261,4,SOA
2.29885057471264,3,SOA
4.30107526881721,3,SOA
3.27868852459016,4,SOA
5.94059405940594,4,SOA
4.58715596330275,4,SOA
5.76923076923077,3,SOA
-4.16666666666667,5,SOA
2.5,4,SOA
1.94174757281553,4,SOA
1.04166666666667,4,SOA
3.50877192982456,4,SOA
1.90476190476191,4,SOA
8.51063829787234,3,SOA
2.41935483870968,4,SOA
2.32558139534884,4,SOA
5.71428571428571,4,SOA
2.4,4,SOA
3.77358490566038,3,SOA
0.925925925925926,4,SOA
1.73913043478261,4,SOA
7.40740740740741,4,SOA
-1.05263157894737,5,SOA
2.41935483870968,4,SOA
2.04081632653061,4,SOA
-1.98019801980198,5,SOA
4.46428571428571,3,SOA
4.3956043956044,3,SOA
5.6,3,SOA
2.41935483870968,4,SOA
5.88235294117647,4,SOA
0,4,SOA
3.05343511450382,4,SOA
2.4390243902439,4,SOA
2.45901639344262,4,SOA
4.25531914893617,3,SOA
1.78571428571429,4,SOA
2.67857142857143,4,SOA
3.53982300884956,4,SOA
3.80952380952381,4,SOA
1.96078431372549,4,SOA
2.94117647058823,4,SOA
2.23880597014925,4,SOA
2.27272727272727,4,SOA
2.47933884297521,4,SOA
-2,5,SOA
-2.02020202020202,5,SOA
4.59770114942529,3,SOA
4.70588235294118,3,SOA
4.42477876106195,4,SOA
1.88679245283019,4,SOA
2.54237288135593,4,SOA
8.92857142857143,4,SOA
-4.24242424242424,7,SOA
-2.08333333333333,5,SOA
5.88235294117647,4,SOA
-1.88679245283019,5,SOA
6.93069306930693,3,SOA
-1.02040816326531,5,SOA
1.94174757281553,4,SOA
3.53982300884956,4,SOA
-1.98019801980198,5,SOA
-2.06185567010309,5,SOA
-0.909090909090909,5,SOA
2.4390243902439,4,SOA
5.55555555555556,3,SOA
2.29007633587786,4,SOA
1.69491525423729,4,SOA
2.4390243902439,4,SOA
2.36220472440945,4,SOA
1.94174757281553,4,SOA
6.93069306930693,3,SOA
-1.98019801980198,5,SOA
-1.96078431372549,5,SOA
4.49438202247191,3,SOA
2.45901639344262,4,SOA
5.42635658914729,3,SOA
1.81818181818182,4,SOA
0.847457627118644,4,SOA
0.925925925925926,4,SOA
3.63636363636364,3,SOA
2.41935483870968,4,SOA
-0.793650793650794,5,SOA
5.78512396694215,3,SOA
0.806451612903226,4,SOA
-2.04081632653061,5,SOA
1.76991150442478,4,SOA
4.54545454545455,3,SOA
-1.90476190476191,5,SOA
5.04201680672269,3,SOA
-4.22535211267606,6,SOA
-1.94174757281553,5,SOA
2.54237288135593,4,SOA
0.819672131147541,4,SOA
4.85436893203883,3,SOA
3.44827586206897,3,SOA
-5.91397849462366,7,SOA
1.85185185185185,4,SOA
0.980392156862745,4,SOA
2.17391304347826,4,SOA
4.59770114942529,3,SOA
2.08333333333333,4,SOA
-3.73831775700935,5,SOA
1.96078431372549,4,SOA
-1.98019801980198,5,SOA
3.92156862745098,4,SOA
-2.04081632653061,5,SOA
2.9126213592233,4,SOA
5.88235294117647,4,SOA
-2.5974025974026,6,SOA
3.77358490566038,3,SOA
-2.10526315789474,5,SOA
2.45901639344262,4,SOA
-2.04081632653061,5,SOA
8.82352941176471,3,SOA
1.81818181818182,4,SOA
5.26315789473684,3,SOA
2.45901639344262,4,SOA
4.76190476190476,3,SOA
0.91743119266055,4,SOA
2.24719101123596,3,SOA
1.94174757281553,4,SOA
7.76699029126214,3,SOA
0.847457627118644,4,SOA
2.41935483870968,4,SOA
0,4,SOA
5.40540540540541,3,SOA
-2.1505376344086,5,SOA
3.92156862745098,3,SOA
1.98019801980198,4,SOA
5.46875,3,SOA
-4,5,SOA
5.5045871559633,3,SOA
5.26315789473684,3,SOA
0,4,SOA
1.11111111111111,4,SOA
2.02020202020202,4,SOA
4.49438202247191,3,SOA
-1.03092783505155,5,SOA
0.934579439252336,4,SOA
2.4390243902439,4,SOA
1.94174757281553,4,SOA
5.55555555555556,3,SOA
5.88235294117647,4,SOA
1.70940170940171,4,SOA
-2.08333333333333,5,SOA
2.52100840336134,4,SOA
6.74157303370787,3,SOA
2.47933884297521,4,SOA
1.81818181818182,4,SOA
2.4,4,SOA
2.32558139534884,4,SOA
2.22222222222222,3,SOA
0,4,SOA
2.02020202020202,4,SOA
2.06185567010309,4,SOA
2.52100840336134,4,SOA
2.12765957446808,4,SOA
0.934579439252336,4,SOA
2.24719101123596,4,SOA
-1.94174757281553,5,SOA
5.66037735849057,3,SOA
2.4390243902439,4,SOA
2.4390243902439,4,SOA
5.20833333333333,3,SOA
4.58715596330275,3,SOA
0.819672131147541,4,SOA
2.9126213592233,4,SOA
7.14285714285714,3,SOA
-1.17647058823529,5,SOA
2.41935483870968,4,SOA
-2.04081632653061,5,SOA
2.38095238095238,4,SOA
-3.7037037037037,5,SOA
-2.02020202020202,5,SOA
2.4,4,SOA
-1.96078431372549,5,SOA
1.81818181818182,4,SOA
0.862068965517241,4,SOA
7.95454545454545,2,SOA
3.47826086956522,4,SOA
2.7027027027027,4,SOA
-3.03030303030303,5,SOA
2.02020202020202,4,SOA
-1.94174757281553,5,SOA
4.71698113207547,3,SOA
9.16666666666667,3,SOA
-7.31707317073171,7,SOA
5.05050505050505,3,SOA
5.94059405940594,4,SOA
4.54545454545455,4,SOA
1.92307692307692,4,SOA
1.86915887850467,4,SOA
3.2,4,SOA
0.900900900900901,4,SOA
5.69105691056911,3,SOA
4,4,SOA
2.4390243902439,4,SOA
1.68067226890756,4,SOA
-0.813008130081301,5,SOA
4.65116279069768,3,SOA
-2.02020202020202,5,SOA
2.56410256410256,4,SOA
1.92307692307692,4,SOA
0,4,SOA
2.67857142857143,4,SOA
2.30769230769231,4,SOA
0.869565217391304,4,SOA
6.81818181818182,3,SOA
5.15463917525773,3,SOA
5.04201680672269,4,SOA
2,4,SOA
2.47933884297521,4,SOA
4.70588235294118,3,SOA
2.35294117647059,3,SOA
3.88349514563107,4,SOA
2.85714285714286,3,SOA
1.96078431372549,4,SOA
1.88679245283019,4,SOA
1.92307692307692,4,SOA
1.70940170940171,4,SOA
3.77358490566038,4,SOA
1.70940170940171,4,SOA
4.62962962962963,3,SOA
0.869565217391304,4,SOA
0.91743119266055,4,SOA
1.75438596491228,4,SOA
1.08695652173913,4,SOA
2.63157894736842,4,SOA
5.81395348837209,3,SOA
4.3859649122807,4,SOA
1.92307692307692,4,SOA
2.36220472440945,4,SOA
0.909090909090909,4,SOA
1.86915887850467,4,SOA
6.12244897959184,4,SOA
1.72413793103448,4,SOA
1.06382978723404,4,SOA
-0.909090909090909,5,SOA
6.42201834862385,3,SOA
1.92307692307692,4,SOA
7.89473684210526,3,SOA
-1.92307692307692,5,SOA
2.83018867924528,4,SOA
-1.96078431372549,5,SOA
1.81818181818182,4,SOA
1.68067226890756,4,SOA
5.55555555555556,3,SOA
-2.29885057471264,5,SOA
0,4,SOA
-1.96078431372549,5,SOA
8.06451612903226,3,SOA
4.67289719626168,3,SOA
1.98019801980198,4,SOA
2.36220472440945,4,SOA
5.69105691056911,3,SOA
-1.86915887850467,5,SOA
2.47933884297521,4,SOA
2.35294117647059,3,SOA
1.69491525423729,4,SOA
1.81818181818182,4,SOA
2.83018867924528,4,SOA
2.45901639344262,4,SOA
1.81818181818182,4,SOA
-0.961538461538462,5,SOA
1.90476190476191,3,SOA
3.03030303030303,4,SOA
3.7037037037037,4,SOA
6.12244897959184,4,SOA
-2.02020202020202,5,SOA
6.25,3,SOA
1.8018018018018,4,SOA
1.65289256198347,4,SOA
1.75438596491228,4,SOA
3.33333333333333,3,SOA
-2.06185567010309,5,SOA
1.8018018018018,4,SOA
-2.08333333333333,5,SOA
0.813008130081301,4,SOA
-2.06185567010309,5,SOA
6.48148148148148,4,SOA
-2.22222222222222,5,SOA
3.09278350515464,3,SOA
4.30107526881721,3,SOA
-2.12765957446808,5,SOA
4.49438202247191,3,SOA
-0.925925925925926,6,SOA
-0.833333333333333,5,SOA
2.4390243902439,4,SOA
4.31034482758621,4,SOA
5.64516129032258,3,SOA
-2.08333333333333,5,SOA
-1.94174757281553,5,SOA
2,4,SOA
4.42477876106195,4,SOA
1.65289256198347,4,SOA
1.96078431372549,4,SOA
1.94174757281553,4,SOA
4.49438202247191,3,SOA
1.02040816326531,4,SOA
0.900900900900901,4,SOA
2.7027027027027,4,SOA
2.63157894736842,4,SOA
2.02020202020202,4,SOA
2.54237288135593,4,SOA
1.96078431372549,4,SOA
-1.96078431372549,5,SOA
4.3956043956044,3,SOA
-1.94174757281553,5,SOA
5.15463917525773,3,SOA
3.47826086956522,4,SOA
-2.10526315789474,5,SOA
1.90476190476191,4,SOA
1.86915887850467,4,SOA
4.90196078431373,3,SOA
1.04166666666667,4,SOA
2.45901639344262,4,SOA
2.32558139534884,4,SOA
3.10077519379845,4,SOA
1.76991150442478,4,SOA
1.81818181818182,4,SOA
0.961538461538462,4,SOA
2.60869565217391,4,SOA
1.04166666666667,4,SOA
2.38095238095238,4,SOA
1.92307692307692,4,SOA
2.06185567010309,4,SOA
-2.02020202020202,5,SOA
4.16666666666667,4,SOA
3.53982300884956,4,SOA
0,4,SOA
1.88679245283019,4,SOA
-2.02020202020202,5,SOA
-1.98019801980198,5,SOA
-1.88679245283019,5,SOA
2.02020202020202,4,SOA
1.92307692307692,4,SOA
-2.02020202020202,5,SOA
1.8348623853211,4,SOA
2.83018867924528,4,SOA
3.93700787401575,4,SOA
-0.91743119266055,5,SOA
2.5,4,SOA
-2.06185567010309,5,SOA
1.94174757281553,4,SOA
1.58730158730159,4,SOA
2.38095238095238,4,SOA
-1.98019801980198,5,SOA
3.15789473684211,4,SOA
2.04081632653061,4,SOA
3.2258064516129,4,SOA
-2,5,SOA
5.68181818181818,3,SOA
0.806451612903226,4,SOA
0.961538461538462,4,SOA
4.0650406504065,4,SOA
1.98019801980198,4,SOA
6.12244897959184,4,SOA
-2,5,SOA
1.73913043478261,4,SOA
0.961538461538462,4,SOA
-2,5,SOA
5.51181102362205,3,SOA
5.6,3,SOA
-1.32450331125828,8,SOA
2.47933884297521,4,SOA
2.29007633587786,4,SOA
2.67857142857143,4,SOA
4.80769230769231,3,SOA
-2.06185567010309,5,SOA
-4.30107526881721,5,SOA
1.08695652173913,4,SOA
2.67857142857143,4,SOA
-2.02020202020202,5,SOA
2.23880597014925,4,SOA
3,4,SOA
-2.02020202020202,5,SOA
6.25,3,SOA
0.943396226415094,4,SOA
-2,5,SOA
-2.04081632653061,5,SOA
1.8348623853211,4,SOA
-1.01010101010101,5,SOA
2.72727272727273,4,SOA
4.12371134020619,3,SOA
-1.96078431372549,5,SOA
-2.06185567010309,5,SOA
-2.02020202020202,5,SOA
6.97674418604651,3,SOA
2.47933884297521,4,SOA
2,4,SOA
2.45901639344262,4,SOA
1.90476190476191,4,SOA
-1,5,SOA
4.16666666666667,3,SOA
3.03030303030303,4,SOA
3.96825396825397,4,SOA
4.49438202247191,3,SOA
1.75438596491228,4,SOA
-1.92307692307692,5,SOA
-2.08333333333333,5,SOA
2.41935483870968,4,SOA
1.88679245283019,4,SOA
3.57142857142857,4,SOA
5,3,SOA
1.90476190476191,4,SOA
-2.10526315789474,5,SOA
-2.08333333333333,5,SOA
1.8348623853211,4,SOA
5.20833333333333,3,SOA
4.58715596330275,4,SOA
5.60747663551402,3,SOA
3.27868852459016,4,SOA
2.58620689655172,4,SOA
-2.02020202020202,5,SOA
2.47933884297521,4,SOA
0.900900900900901,4,SOA
4,4,SOA
-1.98019801980198,5,SOA
3.6697247706422,3,SOA
5.88235294117647,4,SOA
2.60869565217391,4,SOA
1.66666666666667,4,SOA
5.12820512820513,3,SOA
4.58715596330275,3,SOA
-1.98019801980198,5,SOA
2.17391304347826,3,SOA
3.7037037037037,4,SOA
5.5045871559633,3,SOA
2.41935483870968,4,SOA
-2,5,SOA
-1.94174757281553,5,SOA
1.90476190476191,4,SOA
2.5,4,SOA
6.12244897959184,4,SOA
-1.86915887850467,5,SOA
5.45454545454545,3,SOA
-1.8348623853211,5,SOA
1.76991150442478,4,SOA
4.81927710843374,3,SOA
5.30973451327434,3,SOA
-1.96078431372549,5,SOA
2.47933884297521,4,SOA
1.98019801980198,4,SOA
3.73831775700935,3,SOA
2.04081632653061,4,SOA
-2.06185567010309,5,SOA
1.02040816326531,4,SOA
1.65289256198347,4,SOA
4.59770114942529,3,SOA
-1.94174757281553,5,SOA
1.96078431372549,4,SOA
2.24719101123596,3,SOA
3.6036036036036,4,SOA
5.8252427184466,4,SOA
1.6260162601626,4,SOA
-0.813008130081301,5,SOA
-1.94174757281553,5,SOA
1.75438596491228,4,SOA
5.26315789473684,3,SOA
2.10526315789474,5,SOA
1.75438596491228,4,SOA
1.69491525423729,4,SOA
1.86915887850467,4,SOA
4.31034482758621,4,SOA
5.6,3,SOA
2.32558139534884,4,SOA
-0.961538461538462,5,SOA
2.58620689655172,4,SOA
1.94174757281553,4,SOA
5.76923076923077,4,SOA
3.06122448979592,4,SOA
4.59770114942529,3,SOA
2.29007633587786,4,SOA
2.27272727272727,4,SOA
1.11111111111111,4,SOA
6.32911392405063,2,SOA
2.02020202020202,4,SOA
2.27272727272727,3,SOA
-2.1505376344086,5,SOA
1.86915887850467,4,SOA
2.83018867924528,3,SOA
1.88679245283019,4,SOA
3.2967032967033,4,SOA
2.38095238095238,4,SOA
-1.92307692307692,5,SOA
2.67857142857143,4,SOA
-1.96078431372549,5,SOA
2.83018867924528,4,SOA
4.03225806451613,4,SOA
2.04081632653061,4,SOA
2.97029702970297,3,SOA
-2.06185567010309,5,SOA
1.98019801980198,4,SOA
4.46428571428571,3,SOA
5.55555555555556,3,SOA
-2.04081632653061,5,SOA
-2.02020202020202,5,SOA
4.90196078431373,3,SOA
2.27272727272727,4,SOA
0,5,SOA
4.76190476190476,3,SOA
2.17391304347826,4,SOA
4.12371134020619,3,SOA
4.59770114942529,3,SOA
2.04081632653061,4,SOA
1.98019801980198,4,SOA
-2,5,SOA
2.02020202020202,4,SOA
2.1505376344086,4,SOA
3.44827586206897,4,SOA
-1.98019801980198,5,SOA
-4.44444444444444,5,SOA
3.30578512396694,4,SOA
1.88679245283019,4,SOA
2.5,4,SOA
5.34351145038168,3,SOA
2.06185567010309,4,SOA
2.67857142857143,4,SOA
3.7593984962406,6,SOA
-2.04081632653061,5,SOA
-1.96078431372549,5,SOA
-1.96078431372549,5,SOA
1.88679245283019,4,SOA
6.89655172413793,3,SOA
1.81818181818182,4,SOA
7.31707317073171,3,SOA
-2.04081632653061,5,SOA
-2.47933884297521,5,SOA
2.54237288135593,4,SOA
6.12244897959184,4,SOA
-2,5,SOA
-1.85185185185185,5,SOA
1.90476190476191,4,SOA
2.65486725663717,4,SOA
4.12371134020619,3,SOA
-1.98019801980198,5,SOA
2,4,SOA
1.86915887850467,4,SOA
-2.04081632653061,5,SOA
4.58715596330275,3,SOA
-1.90476190476191,5,SOA
2.23880597014925,4,SOA
2.27272727272727,4,SOA
2.27272727272727,4,SOA
0,4,SOA
6.77966101694915,3,SOA
2.7027027027027,4,SOA
2.22222222222222,4,SOA
5.12820512820513,4,SOA
2.24719101123596,3,SOA
2.85714285714286,3,SOA
2.38095238095238,4,SOA
-12.4390243902439,6,SOA
1.86915887850467,4,SOA
4.71698113207547,3,SOA
5.94059405940594,4,SOA
8.51063829787234,3,SOA
2.04081632653061,4,SOA
2.36220472440945,4,SOA
3.88349514563107,4,SOA
-2.04081632653061,5,SOA
6.41025641025641,3,SOA
2.29007633587786,4,SOA
1.90476190476191,4,SOA
1.86915887850467,4,SOA
3.73831775700935,4,SOA
1.94174757281553,4,SOA
3,3,SOA
-0.99009900990099,6,SOA
-2.35294117647059,5,SOA
0.970873786407767,4,SOA
1.81818181818182,4,SOA
2.34375,4,SOA
1.98019801980198,4,SOA
-2.02020202020202,5,SOA
-2.02020202020202,5,SOA
2.5,4,SOA
0,4,SOA
0.862068965517241,4,SOA
0.909090909090909,4,SOA
2.38095238095238,4,SOA
-2.06185567010309,5,SOA
2.10526315789474,3,SOA
2.02020202020202,4,SOA
1.92307692307692,4,SOA
-1.92307692307692,5,SOA
5.26315789473684,3,SOA
1.72413793103448,4,SOA
-2.04081632653061,5,SOA
3.15789473684211,4,SOA
-1.88679245283019,5,SOA
6.97674418604651,3,SOA
3.84615384615385,4,SOA
1.94174757281553,4,SOA
6.93069306930693,3,SOA
5.94059405940594,4,SOA
-2.02020202020202,5,SOA
2.52100840336134,4,SOA
4.85436893203883,3,SOA
3.37078651685393,3,SOA
-1.96078431372549,5,SOA
4.3956043956044,3,SOA
3.6036036036036,4,SOA
4.90196078431373,3,SOA
5.88235294117647,4,SOA
-2.02020202020202,5,SOA
5.45454545454545,3,SOA
3.96039603960396,3,SOA
-1.02040816326531,5,SOA
5.3030303030303,3,SOA
2.41935483870968,4,SOA
1.90476190476191,4,SOA
2.65486725663717,4,SOA
1.66666666666667,4,SOA
-2.06185567010309,5,SOA
5.55555555555556,3,SOA
0,4,SOA
1.81818181818182,4,SOA
-2.02020202020202,5,SOA
2.4,4,SOA
5.55555555555556,3,SOA
1.96078431372549,4,SOA
1.86915887850467,4,SOA
2.02020202020202,4,SOA
3.57142857142857,4,SOA
7.07964601769912,3,SOA
4.54545454545455,3,SOA
2.85714285714286,4,SOA
2.06185567010309,4,SOA
1.94174757281553,4,SOA
4.87804878048781,3,SOA
2.63157894736842,4,SOA
5.88235294117647,4,SOA
9.90990990990991,3,SOA
1.98019801980198,4,SOA
1.73913043478261,4,SOA
1.01010101010101,4,SOA
2.45901639344262,4,SOA
2.4390243902439,4,SOA
1.04166666666667,4,SOA
1.98019801980198,4,SOA
0.925925925925926,4,SOA
1.72413793103448,4,SOA
-2.04081632653061,5,SOA
4.49438202247191,3,SOA
-1.86915887850467,5,SOA
4.25531914893617,3,SOA
-1.98019801980198,5,SOA
5.15463917525773,3,SOA
1.90476190476191,4,SOA
-1.85185185185185,5,SOA
-1.96078431372549,5,SOA
-1.90476190476191,5,SOA
1.88679245283019,4,SOA
1.76991150442478,4,SOA
1.90476190476191,4,SOA
1.70940170940171,4,SOA
2,4,SOA
5.74712643678161,3,SOA
-4.12371134020619,5,SOA
0.854700854700855,4,SOA
1.92307692307692,4,SOA
1.76991150442478,4,SOA
4.95049504950495,3,SOA
-1.90476190476191,5,SOA
